cartao_id,cliente_id,data_solicitacao,data_ativacao,status_cartao
1,2,2024-12-01,2025-01-01,ativo
2,4,2024-12-01,2025-01-01,ativo
3,17,2024-12-01,2025-01-01,ativo
4,18,2024-12-01,2025-01-01,ativo
5,20,2024-12-01,2025-01-01,ativo
6,22,2024-12-01,2025-01-01,ativo
7,30,2024-12-01,2025-01-01,ativo
8,34,2024-12-01,2025-01-01,ativo
9,39,2024-12-01,2025-01-01,ativo
10,41,2024-12-01,2025-01-01,ativo
11,44,2024-12-01,2025-01-01,ativo
12,47,2024-12-01,2025-01-01,ativo
13,49,2024-12-01,2025-01-01,ativo
14,52,2024-12-01,2025-01-01,ativo
15,66,2024-12-01,2025-01-01,ativo
16,72,2024-12-01,2025-01-01,ativo
17,73,2024-12-01,2025-01-01,ativo
18,75,2024-12-01,2025-01-01,ativo
19,77,2024-12-01,2025-01-01,ativo
20,79,2024-12-01,2025-01-01,ativo
21,80,2024-12-01,2025-01-01,ativo
22,81,2024-12-01,2025-01-01,ativo
23,84,2024-12-01,2025-01-01,ativo
24,88,2024-12-01,2025-01-01,ativo
25,90,2024-12-01,2025-01-01,ativo
26,92,2024-12-01,2025-01-01,ativo
27,97,2024-12-01,2025-01-01,ativo
28,99,2024-12-01,2025-01-01,ativo
29,104,2024-12-01,2025-01-01,ativo
30,106,2024-12-01,2025-01-01,ativo
31,107,2024-12-01,2025-01-01,ativo
32,108,2024-12-01,2025-01-01,ativo
33,114,2024-12-01,2025-01-01,ativo
34,123,2024-12-01,2025-01-01,ativo
35,124,2024-12-01,2025-01-01,ativo
36,131,2024-12-01,2025-01-01,ativo
37,139,2024-12-01,2025-01-01,ativo
38,142,2024-12-01,2025-01-01,ativo
39,145,2024-12-01,2025-01-01,ativo
40,152,2024-12-01,2025-01-01,ativo
41,154,2024-12-01,2025-01-01,ativo
42,157,2024-12-01,2025-01-01,ativo
43,161,2024-12-01,2025-01-01,ativo
44,169,2024-12-01,2025-01-01,ativo
45,176,2024-12-01,2025-01-01,ativo
46,178,2024-12-01,2025-01-01,ativo
47,185,2024-12-01,2025-01-01,ativo
48,193,2024-12-01,2025-01-01,ativo
49,200,2024-12-01,2025-01-01,ativo
50,211,2024-12-01,2025-01-01,ativo
51,212,2024-12-01,2025-01-01,ativo
52,222,2024-12-01,2025-01-01,ativo
53,237,2024-12-01,2025-01-01,ativo
54,241,2024-12-01,2025-01-01,ativo
55,244,2024-12-01,2025-01-01,ativo
56,246,2024-12-01,2025-01-01,ativo
57,248,2024-12-01,2025-01-01,ativo
58,255,2024-12-01,2025-01-01,ativo
59,258,2024-12-01,2025-01-01,ativo
60,264,2024-12-01,2025-01-01,ativo
61,269,2024-12-01,2025-01-01,ativo
62,271,2024-12-01,2025-01-01,ativo
63,272,2024-12-01,2025-01-01,ativo
64,280,2024-12-01,2025-01-01,ativo
65,291,2024-12-01,2025-01-01,ativo
66,302,2024-12-01,2025-01-01,ativo
67,307,2024-12-01,2025-01-01,ativo
68,310,2024-12-01,2025-01-01,ativo
69,312,2024-12-01,2025-01-01,ativo
70,315,2024-12-01,2025-01-01,ativo
71,316,2024-12-01,2025-01-01,ativo
72,332,2024-12-01,2025-01-01,ativo
73,334,2024-12-01,2025-01-01,ativo
74,348,2024-12-01,2025-01-01,ativo
75,351,2024-12-01,2025-01-01,ativo
76,355,2024-12-01,2025-01-01,ativo
77,359,2024-12-01,2025-01-01,ativo
78,361,2024-12-01,2025-01-01,ativo
79,362,2024-12-01,2025-01-01,ativo
80,363,2024-12-01,2025-01-01,ativo
81,369,2024-12-01,2025-01-01,ativo
82,372,2024-12-01,2025-01-01,ativo
83,373,2024-12-01,2025-01-01,ativo
84,375,2024-12-01,2025-01-01,ativo
85,377,2024-12-01,2025-01-01,ativo
86,380,2024-12-01,2025-01-01,ativo
87,385,2024-12-01,2025-01-01,ativo
88,386,2024-12-01,2025-01-01,ativo
89,394,2024-12-01,2025-01-01,ativo
90,395,2024-12-01,2025-01-01,ativo
91,402,2024-12-01,2025-01-01,ativo
92,403,2024-12-01,2025-01-01,ativo
93,409,2024-12-01,2025-01-01,ativo
94,411,2024-12-01,2025-01-01,ativo
95,413,2024-12-01,2025-01-01,ativo
96,414,2024-12-01,2025-01-01,ativo
97,415,2024-12-01,2025-01-01,ativo
98,417,2024-12-01,2025-01-01,ativo
99,419,2024-12-01,2025-01-01,ativo
100,420,2024-12-01,2025-01-01,ativo
101,424,2024-12-01,2025-01-01,ativo
102,429,2024-12-01,2025-01-01,ativo
103,432,2024-12-01,2025-01-01,ativo
104,441,2024-12-01,2025-01-01,ativo
105,444,2024-12-01,2025-01-01,ativo
106,446,2024-12-01,2025-01-01,ativo
107,464,2024-12-01,2025-01-01,ativo
108,469,2024-12-01,2025-01-01,ativo
109,471,2024-12-01,2025-01-01,ativo
110,475,2024-12-01,2025-01-01,ativo
111,476,2024-12-01,2025-01-01,ativo
112,477,2024-12-01,2025-01-01,ativo
113,478,2024-12-01,2025-01-01,ativo
114,479,2024-12-01,2025-01-01,ativo
115,485,2024-12-01,2025-01-01,ativo
116,492,2024-12-01,2025-01-01,ativo
117,497,2024-12-01,2025-01-01,ativo
118,503,2024-12-01,2025-01-01,ativo
119,506,2024-12-01,2025-01-01,ativo
120,511,2024-12-01,2025-01-01,ativo
121,512,2024-12-01,2025-01-01,ativo
122,514,2024-12-01,2025-01-01,ativo
123,517,2024-12-01,2025-01-01,ativo
124,518,2024-12-01,2025-01-01,ativo
125,519,2024-12-01,2025-01-01,ativo
126,524,2024-12-01,2025-01-01,ativo
127,525,2024-12-01,2025-01-01,ativo
128,529,2024-12-01,2025-01-01,ativo
129,533,2024-12-01,2025-01-01,ativo
130,534,2024-12-01,2025-01-01,ativo
131,535,2024-12-01,2025-01-01,ativo
132,537,2024-12-01,2025-01-01,ativo
133,539,2024-12-01,2025-01-01,ativo
134,542,2024-12-01,2025-01-01,ativo
135,548,2024-12-01,2025-01-01,ativo
136,551,2024-12-01,2025-01-01,ativo
137,553,2024-12-01,2025-01-01,ativo
138,554,2024-12-01,2025-01-01,ativo
139,555,2024-12-01,2025-01-01,ativo
140,561,2024-12-01,2025-01-01,ativo
141,566,2024-12-01,2025-01-01,ativo
142,571,2024-12-01,2025-01-01,ativo
143,575,2024-12-01,2025-01-01,ativo
144,579,2024-12-01,2025-01-01,ativo
145,581,2024-12-01,2025-01-01,ativo
146,589,2024-12-01,2025-01-01,ativo
147,592,2024-12-01,2025-01-01,ativo
148,602,2024-12-01,2025-01-01,ativo
149,606,2024-12-01,2025-01-01,ativo
150,607,2024-12-01,2025-01-01,ativo
151,612,2024-12-01,2025-01-01,ativo
152,613,2024-12-01,2025-01-01,ativo
153,615,2024-12-01,2025-01-01,ativo
154,626,2024-12-01,2025-01-01,ativo
155,630,2024-12-01,2025-01-01,ativo
156,638,2024-12-01,2025-01-01,ativo
157,640,2024-12-01,2025-01-01,ativo
158,641,2024-12-01,2025-01-01,ativo
159,646,2024-12-01,2025-01-01,ativo
160,647,2024-12-01,2025-01-01,ativo
161,648,2024-12-01,2025-01-01,ativo
162,653,2024-12-01,2025-01-01,ativo
163,654,2024-12-01,2025-01-01,ativo
164,658,2024-12-01,2025-01-01,ativo
165,659,2024-12-01,2025-01-01,ativo
166,660,2024-12-01,2025-01-01,ativo
167,667,2024-12-01,2025-01-01,ativo
168,668,2024-12-01,2025-01-01,ativo
169,669,2024-12-01,2025-01-01,ativo
170,673,2024-12-01,2025-01-01,ativo
171,676,2024-12-01,2025-01-01,ativo
172,680,2024-12-01,2025-01-01,ativo
173,681,2024-12-01,2025-01-01,ativo
174,682,2024-12-01,2025-01-01,ativo
175,694,2024-12-01,2025-01-01,ativo
176,700,2024-12-01,2025-01-01,ativo
177,703,2024-12-01,2025-01-01,ativo
178,713,2024-12-01,2025-01-01,ativo
179,721,2024-12-01,2025-01-01,ativo
180,723,2024-12-01,2025-01-01,ativo
181,738,2024-12-01,2025-01-01,ativo
182,745,2024-12-01,2025-01-01,ativo
183,746,2024-12-01,2025-01-01,ativo
184,749,2024-12-01,2025-01-01,ativo
185,751,2024-12-01,2025-01-01,ativo
186,753,2024-12-01,2025-01-01,ativo
187,758,2024-12-01,2025-01-01,ativo
188,761,2024-12-01,2025-01-01,ativo
189,768,2024-12-01,2025-01-01,ativo
190,777,2024-12-01,2025-01-01,ativo
191,782,2024-12-01,2025-01-01,ativo
192,783,2024-12-01,2025-01-01,ativo
193,786,2024-12-01,2025-01-01,ativo
194,789,2024-12-01,2025-01-01,ativo
195,792,2024-12-01,2025-01-01,ativo
196,805,2024-12-01,2025-01-01,ativo
197,808,2024-12-01,2025-01-01,ativo
198,809,2024-12-01,2025-01-01,ativo
199,811,2024-12-01,2025-01-01,ativo
200,812,2024-12-01,2025-01-01,ativo
201,815,2024-12-01,2025-01-01,ativo
202,819,2024-12-01,2025-01-01,ativo
203,820,2024-12-01,2025-01-01,ativo
204,823,2024-12-01,2025-01-01,ativo
205,830,2024-12-01,2025-01-01,ativo
206,831,2024-12-01,2025-01-01,ativo
207,832,2024-12-01,2025-01-01,ativo
208,835,2024-12-01,2025-01-01,ativo
209,837,2024-12-01,2025-01-01,ativo
210,838,2024-12-01,2025-01-01,ativo
211,840,2024-12-01,2025-01-01,ativo
212,844,2024-12-01,2025-01-01,ativo
213,845,2024-12-01,2025-01-01,ativo
214,847,2024-12-01,2025-01-01,ativo
215,848,2024-12-01,2025-01-01,ativo
216,849,2024-12-01,2025-01-01,ativo
217,851,2024-12-01,2025-01-01,ativo
218,853,2024-12-01,2025-01-01,ativo
219,854,2024-12-01,2025-01-01,ativo
220,856,2024-12-01,2025-01-01,ativo
221,859,2024-12-01,2025-01-01,ativo
222,864,2024-12-01,2025-01-01,ativo
223,870,2024-12-01,2025-01-01,ativo
224,871,2024-12-01,2025-01-01,ativo
225,873,2024-12-01,2025-01-01,ativo
226,875,2024-12-01,2025-01-01,ativo
227,876,2024-12-01,2025-01-01,ativo
228,887,2024-12-01,2025-01-01,ativo
229,897,2024-12-01,2025-01-01,ativo
230,918,2024-12-01,2025-01-01,ativo
231,921,2024-12-01,2025-01-01,ativo
232,923,2024-12-01,2025-01-01,ativo
233,934,2024-12-01,2025-01-01,ativo
234,938,2024-12-01,2025-01-01,ativo
235,940,2024-12-01,2025-01-01,ativo
236,956,2024-12-01,2025-01-01,ativo
237,964,2024-12-01,2025-01-01,ativo
238,965,2024-12-01,2025-01-01,ativo
239,968,2024-12-01,2025-01-01,ativo
240,969,2024-12-01,2025-01-01,ativo
241,975,2024-12-01,2025-01-01,ativo
242,977,2024-12-01,2025-01-01,ativo
243,979,2024-12-01,2025-01-01,ativo
244,981,2024-12-01,2025-01-01,ativo
245,983,2024-12-01,2025-01-01,ativo
246,993,2024-12-01,2025-01-01,ativo
247,994,2024-12-01,2025-01-01,ativo
248,996,2024-12-01,2025-01-01,ativo
249,1001,2024-12-01,2025-01-01,ativo
250,1011,2024-12-01,2025-01-01,ativo
251,1013,2024-12-01,2025-01-01,ativo
252,1019,2024-12-01,2025-01-01,ativo
253,1020,2024-12-01,2025-01-01,ativo
254,1022,2024-12-01,2025-01-01,ativo
255,1024,2024-12-01,2025-01-01,ativo
256,1027,2024-12-01,2025-01-01,ativo
257,1028,2024-12-01,2025-01-01,ativo
258,1030,2024-12-01,2025-01-01,ativo
259,1032,2024-12-01,2025-01-01,ativo
260,1033,2024-12-01,2025-01-01,ativo
261,1040,2024-12-01,2025-01-01,ativo
262,1045,2024-12-01,2025-01-01,ativo
263,1047,2024-12-01,2025-01-01,ativo
264,1048,2024-12-01,2025-01-01,ativo
265,1054,2024-12-01,2025-01-01,ativo
266,1056,2024-12-01,2025-01-01,ativo
267,1059,2024-12-01,2025-01-01,ativo
268,1063,2024-12-01,2025-01-01,ativo
269,1064,2024-12-01,2025-01-01,ativo
270,1065,2024-12-01,2025-01-01,ativo
271,1066,2024-12-01,2025-01-01,ativo
272,1071,2024-12-01,2025-01-01,ativo
273,1074,2024-12-01,2025-01-01,ativo
274,1078,2024-12-01,2025-01-01,ativo
275,1082,2024-12-01,2025-01-01,ativo
276,1095,2024-12-01,2025-01-01,ativo
277,1096,2024-12-01,2025-01-01,ativo
278,1097,2024-12-01,2025-01-01,ativo
279,1098,2024-12-01,2025-01-01,ativo
280,1100,2024-12-01,2025-01-01,ativo
281,1101,2024-12-01,2025-01-01,ativo
282,1103,2024-12-01,2025-01-01,ativo
283,1105,2024-12-01,2025-01-01,ativo
284,1108,2024-12-01,2025-01-01,ativo
285,1118,2024-12-01,2025-01-01,ativo
286,1126,2024-12-01,2025-01-01,ativo
287,1128,2024-12-01,2025-01-01,ativo
288,1129,2024-12-01,2025-01-01,ativo
289,1139,2024-12-01,2025-01-01,ativo
290,1155,2024-12-01,2025-01-01,ativo
291,1162,2024-12-01,2025-01-01,ativo
292,1165,2024-12-01,2025-01-01,ativo
293,1179,2024-12-01,2025-01-01,ativo
294,1186,2024-12-01,2025-01-01,ativo
295,1187,2024-12-01,2025-01-01,ativo
296,1188,2024-12-01,2025-01-01,ativo
297,1190,2024-12-01,2025-01-01,ativo
298,1196,2024-12-01,2025-01-01,ativo
299,1201,2024-12-01,2025-01-01,ativo
300,1203,2024-12-01,2025-01-01,ativo
301,1209,2024-12-01,2025-01-01,ativo
302,1215,2024-12-01,2025-01-01,ativo
303,1216,2024-12-01,2025-01-01,ativo
304,1219,2024-12-01,2025-01-01,ativo
305,1223,2024-12-01,2025-01-01,ativo
306,1228,2024-12-01,2025-01-01,ativo
307,1231,2024-12-01,2025-01-01,ativo
308,1233,2024-12-01,2025-01-01,ativo
309,1240,2024-12-01,2025-01-01,ativo
310,1245,2024-12-01,2025-01-01,ativo
311,1247,2024-12-01,2025-01-01,ativo
312,1253,2024-12-01,2025-01-01,ativo
313,1256,2024-12-01,2025-01-01,ativo
314,1261,2024-12-01,2025-01-01,ativo
315,1264,2024-12-01,2025-01-01,ativo
316,1270,2024-12-01,2025-01-01,ativo
317,1271,2024-12-01,2025-01-01,ativo
318,1276,2024-12-01,2025-01-01,ativo
319,1281,2024-12-01,2025-01-01,ativo
320,1285,2024-12-01,2025-01-01,ativo
321,1286,2024-12-01,2025-01-01,ativo
322,1290,2024-12-01,2025-01-01,ativo
323,1294,2024-12-01,2025-01-01,ativo
324,1300,2024-12-01,2025-01-01,ativo
325,1309,2024-12-01,2025-01-01,ativo
326,1310,2024-12-01,2025-01-01,ativo
327,1312,2024-12-01,2025-01-01,ativo
328,1326,2024-12-01,2025-01-01,ativo
329,1330,2024-12-01,2025-01-01,ativo
330,1332,2024-12-01,2025-01-01,ativo
331,1335,2024-12-01,2025-01-01,ativo
332,1336,2024-12-01,2025-01-01,ativo
333,1340,2024-12-01,2025-01-01,ativo
334,1342,2024-12-01,2025-01-01,ativo
335,1347,2024-12-01,2025-01-01,ativo
336,1353,2024-12-01,2025-01-01,ativo
337,1358,2024-12-01,2025-01-01,ativo
338,1359,2024-12-01,2025-01-01,ativo
339,1360,2024-12-01,2025-01-01,ativo
340,1364,2024-12-01,2025-01-01,ativo
341,1365,2024-12-01,2025-01-01,ativo
342,1373,2024-12-01,2025-01-01,ativo
343,1378,2024-12-01,2025-01-01,ativo
344,1382,2024-12-01,2025-01-01,ativo
345,1386,2024-12-01,2025-01-01,ativo
346,1390,2024-12-01,2025-01-01,ativo
347,1391,2024-12-01,2025-01-01,ativo
348,1393,2024-12-01,2025-01-01,ativo
349,1395,2024-12-01,2025-01-01,ativo
350,1399,2024-12-01,2025-01-01,ativo
351,1402,2024-12-01,2025-01-01,ativo
352,1405,2024-12-01,2025-01-01,ativo
353,1409,2024-12-01,2025-01-01,ativo
354,1411,2024-12-01,2025-01-01,ativo
355,1420,2024-12-01,2025-01-01,ativo
356,1424,2024-12-01,2025-01-01,ativo
357,1425,2024-12-01,2025-01-01,ativo
358,1427,2024-12-01,2025-01-01,ativo
359,1428,2024-12-01,2025-01-01,ativo
360,1430,2024-12-01,2025-01-01,ativo
361,1433,2024-12-01,2025-01-01,ativo
362,1439,2024-12-01,2025-01-01,ativo
363,1440,2024-12-01,2025-01-01,ativo
364,1458,2024-12-01,2025-01-01,ativo
365,1460,2024-12-01,2025-01-01,ativo
366,1472,2024-12-01,2025-01-01,ativo
367,1477,2024-12-01,2025-01-01,ativo
368,1485,2024-12-01,2025-01-01,ativo
369,1492,2024-12-01,2025-01-01,ativo
370,1493,2024-12-01,2025-01-01,ativo
371,1499,2024-12-01,2025-01-01,ativo
372,1503,2024-12-01,2025-01-01,ativo
373,1507,2024-12-01,2025-01-01,ativo
374,1512,2024-12-01,2025-01-01,ativo
375,1517,2024-12-01,2025-01-01,ativo
376,1525,2024-12-01,2025-01-01,ativo
377,1526,2024-12-01,2025-01-01,ativo
378,1527,2024-12-01,2025-01-01,ativo
379,1528,2024-12-01,2025-01-01,ativo
380,1531,2024-12-01,2025-01-01,ativo
381,1536,2024-12-01,2025-01-01,ativo
382,1542,2024-12-01,2025-01-01,ativo
383,1547,2024-12-01,2025-01-01,ativo
384,1550,2024-12-01,2025-01-01,ativo
385,1552,2024-12-01,2025-01-01,ativo
386,1553,2024-12-01,2025-01-01,ativo
387,1556,2024-12-01,2025-01-01,ativo
388,1559,2024-12-01,2025-01-01,ativo
389,1565,2024-12-01,2025-01-01,ativo
390,1567,2024-12-01,2025-01-01,ativo
391,1569,2024-12-01,2025-01-01,ativo
392,1579,2024-12-01,2025-01-01,ativo
393,1580,2024-12-01,2025-01-01,ativo
394,1587,2024-12-01,2025-01-01,ativo
395,1599,2024-12-01,2025-01-01,ativo
396,1600,2024-12-01,2025-01-01,ativo
397,1606,2024-12-01,2025-01-01,ativo
398,1617,2024-12-01,2025-01-01,ativo
399,1623,2024-12-01,2025-01-01,ativo
400,1626,2024-12-01,2025-01-01,ativo
401,1627,2024-12-01,2025-01-01,ativo
402,1632,2024-12-01,2025-01-01,ativo
403,1633,2024-12-01,2025-01-01,ativo
404,1634,2024-12-01,2025-01-01,ativo
405,1638,2024-12-01,2025-01-01,ativo
406,1639,2024-12-01,2025-01-01,ativo
407,1647,2024-12-01,2025-01-01,ativo
408,1648,2024-12-01,2025-01-01,ativo
409,1651,2024-12-01,2025-01-01,ativo
410,1652,2024-12-01,2025-01-01,ativo
411,1653,2024-12-01,2025-01-01,ativo
412,1654,2024-12-01,2025-01-01,ativo
413,1658,2024-12-01,2025-01-01,ativo
414,1662,2024-12-01,2025-01-01,ativo
415,1668,2024-12-01,2025-01-01,ativo
416,1669,2024-12-01,2025-01-01,ativo
417,1670,2024-12-01,2025-01-01,ativo
418,1671,2024-12-01,2025-01-01,ativo
419,1672,2024-12-01,2025-01-01,ativo
420,1677,2024-12-01,2025-01-01,ativo
421,1681,2024-12-01,2025-01-01,ativo
422,1682,2024-12-01,2025-01-01,ativo
423,1685,2024-12-01,2025-01-01,ativo
424,1688,2024-12-01,2025-01-01,ativo
425,1694,2024-12-01,2025-01-01,ativo
426,1703,2024-12-01,2025-01-01,ativo
427,1705,2024-12-01,2025-01-01,ativo
428,1712,2024-12-01,2025-01-01,ativo
429,1717,2024-12-01,2025-01-01,ativo
430,1722,2024-12-01,2025-01-01,ativo
431,1723,2024-12-01,2025-01-01,ativo
432,1725,2024-12-01,2025-01-01,ativo
433,1726,2024-12-01,2025-01-01,ativo
434,1736,2024-12-01,2025-01-01,ativo
435,1738,2024-12-01,2025-01-01,ativo
436,1739,2024-12-01,2025-01-01,ativo
437,1740,2024-12-01,2025-01-01,ativo
438,1743,2024-12-01,2025-01-01,ativo
439,1747,2024-12-01,2025-01-01,ativo
440,1750,2024-12-01,2025-01-01,ativo
441,1753,2024-12-01,2025-01-01,ativo
442,1754,2024-12-01,2025-01-01,ativo
443,1758,2024-12-01,2025-01-01,ativo
444,1759,2024-12-01,2025-01-01,ativo
445,1760,2024-12-01,2025-01-01,ativo
446,1783,2024-12-01,2025-01-01,ativo
447,1788,2024-12-01,2025-01-01,ativo
448,1792,2024-12-01,2025-01-01,ativo
449,1793,2024-12-01,2025-01-01,ativo
450,1794,2024-12-01,2025-01-01,ativo
451,1800,2024-12-01,2025-01-01,ativo
452,1803,2024-12-01,2025-01-01,ativo
453,1804,2024-12-01,2025-01-01,ativo
454,1806,2024-12-01,2025-01-01,ativo
455,1813,2024-12-01,2025-01-01,ativo
456,1817,2024-12-01,2025-01-01,ativo
457,1822,2024-12-01,2025-01-01,ativo
458,1825,2024-12-01,2025-01-01,ativo
459,1826,2024-12-01,2025-01-01,ativo
460,1827,2024-12-01,2025-01-01,ativo
461,1829,2024-12-01,2025-01-01,ativo
462,1830,2024-12-01,2025-01-01,ativo
463,1832,2024-12-01,2025-01-01,ativo
464,1835,2024-12-01,2025-01-01,ativo
465,1838,2024-12-01,2025-01-01,ativo
466,1844,2024-12-01,2025-01-01,ativo
467,1847,2024-12-01,2025-01-01,ativo
468,1850,2024-12-01,2025-01-01,ativo
469,1851,2024-12-01,2025-01-01,ativo
470,1852,2024-12-01,2025-01-01,ativo
471,1856,2024-12-01,2025-01-01,ativo
472,1860,2024-12-01,2025-01-01,ativo
473,1863,2024-12-01,2025-01-01,ativo
474,1866,2024-12-01,2025-01-01,ativo
475,1868,2024-12-01,2025-01-01,ativo
476,1872,2024-12-01,2025-01-01,ativo
477,1874,2024-12-01,2025-01-01,ativo
478,1876,2024-12-01,2025-01-01,ativo
479,1877,2024-12-01,2025-01-01,ativo
480,1878,2024-12-01,2025-01-01,ativo
481,1881,2024-12-01,2025-01-01,ativo
482,1885,2024-12-01,2025-01-01,ativo
483,1888,2024-12-01,2025-01-01,ativo
484,1889,2024-12-01,2025-01-01,ativo
485,1892,2024-12-01,2025-01-01,ativo
486,1894,2024-12-01,2025-01-01,ativo
487,1901,2024-12-01,2025-01-01,ativo
488,1907,2024-12-01,2025-01-01,ativo
489,1915,2024-12-01,2025-01-01,ativo
490,1916,2024-12-01,2025-01-01,ativo
491,1925,2024-12-01,2025-01-01,ativo
492,1927,2024-12-01,2025-01-01,ativo
493,1930,2024-12-01,2025-01-01,ativo
494,1931,2024-12-01,2025-01-01,ativo
495,1933,2024-12-01,2025-01-01,ativo
496,1935,2024-12-01,2025-01-01,ativo
497,1937,2024-12-01,2025-01-01,ativo
498,1939,2024-12-01,2025-01-01,ativo
499,1943,2024-12-01,2025-01-01,ativo
500,1944,2024-12-01,2025-01-01,ativo
501,1950,2024-12-01,2025-01-01,ativo
502,1955,2024-12-01,2025-01-01,ativo
503,1956,2024-12-01,2025-01-01,ativo
504,1959,2024-12-01,2025-01-01,ativo
505,1960,2024-12-01,2025-01-01,ativo
506,1961,2024-12-01,2025-01-01,ativo
507,1967,2024-12-01,2025-01-01,ativo
508,1981,2024-12-01,2025-01-01,ativo
509,1986,2024-12-01,2025-01-01,ativo
510,1991,2024-12-01,2025-01-01,ativo
511,1998,2024-12-01,2025-01-01,ativo
512,2000,2024-12-01,2025-01-01,ativo
513,2001,2024-12-01,2025-01-01,ativo
514,2004,2024-12-01,2025-01-01,ativo
515,2012,2024-12-01,2025-01-01,ativo
516,2015,2024-12-01,2025-01-01,ativo
517,2017,2024-12-01,2025-01-01,ativo
518,2019,2024-12-01,2025-01-01,ativo
519,2024,2024-12-01,2025-01-01,ativo
520,2026,2024-12-01,2025-01-01,ativo
521,2028,2024-12-01,2025-01-01,ativo
522,2036,2024-12-01,2025-01-01,ativo
523,2039,2024-12-01,2025-01-01,ativo
524,2045,2024-12-01,2025-01-01,ativo
525,2050,2024-12-01,2025-01-01,ativo
526,2057,2024-12-01,2025-01-01,ativo
527,2063,2024-12-01,2025-01-01,ativo
528,2064,2024-12-01,2025-01-01,ativo
529,2068,2024-12-01,2025-01-01,ativo
530,2070,2024-12-01,2025-01-01,ativo
531,2073,2024-12-01,2025-01-01,ativo
532,2082,2024-12-01,2025-01-01,ativo
533,2085,2024-12-01,2025-01-01,ativo
534,2088,2024-12-01,2025-01-01,ativo
535,2091,2024-12-01,2025-01-01,ativo
536,2094,2024-12-01,2025-01-01,ativo
537,2095,2024-12-01,2025-01-01,ativo
538,2100,2024-12-01,2025-01-01,ativo
539,2102,2024-12-01,2025-01-01,ativo
540,2103,2024-12-01,2025-01-01,ativo
541,2108,2024-12-01,2025-01-01,ativo
542,2116,2024-12-01,2025-01-01,ativo
543,2117,2024-12-01,2025-01-01,ativo
544,2123,2024-12-01,2025-01-01,ativo
545,2125,2024-12-01,2025-01-01,ativo
546,2130,2024-12-01,2025-01-01,ativo
547,2131,2024-12-01,2025-01-01,ativo
548,2147,2024-12-01,2025-01-01,ativo
549,2149,2024-12-01,2025-01-01,ativo
550,2151,2024-12-01,2025-01-01,ativo
551,2157,2024-12-01,2025-01-01,ativo
552,2159,2024-12-01,2025-01-01,ativo
553,2162,2024-12-01,2025-01-01,ativo
554,2166,2024-12-01,2025-01-01,ativo
555,2171,2024-12-01,2025-01-01,ativo
556,2172,2024-12-01,2025-01-01,ativo
557,2173,2024-12-01,2025-01-01,ativo
558,2175,2024-12-01,2025-01-01,ativo
559,2178,2024-12-01,2025-01-01,ativo
560,2179,2024-12-01,2025-01-01,ativo
561,2181,2024-12-01,2025-01-01,ativo
562,2182,2024-12-01,2025-01-01,ativo
563,2183,2024-12-01,2025-01-01,ativo
564,2187,2024-12-01,2025-01-01,ativo
565,2188,2024-12-01,2025-01-01,ativo
566,2192,2024-12-01,2025-01-01,ativo
567,2194,2024-12-01,2025-01-01,ativo
568,2196,2024-12-01,2025-01-01,ativo
569,2200,2024-12-01,2025-01-01,ativo
570,2201,2024-12-01,2025-01-01,ativo
571,2210,2024-12-01,2025-01-01,ativo
572,2212,2024-12-01,2025-01-01,ativo
573,2213,2024-12-01,2025-01-01,ativo
574,2214,2024-12-01,2025-01-01,ativo
575,2223,2024-12-01,2025-01-01,ativo
576,2225,2024-12-01,2025-01-01,ativo
577,2228,2024-12-01,2025-01-01,ativo
578,2229,2024-12-01,2025-01-01,ativo
579,2233,2024-12-01,2025-01-01,ativo
580,2237,2024-12-01,2025-01-01,ativo
581,2241,2024-12-01,2025-01-01,ativo
582,2244,2024-12-01,2025-01-01,ativo
583,2247,2024-12-01,2025-01-01,ativo
584,2248,2024-12-01,2025-01-01,ativo
585,2249,2024-12-01,2025-01-01,ativo
586,2251,2024-12-01,2025-01-01,ativo
587,2253,2024-12-01,2025-01-01,ativo
588,2255,2024-12-01,2025-01-01,ativo
589,2257,2024-12-01,2025-01-01,ativo
590,2260,2024-12-01,2025-01-01,ativo
591,2261,2024-12-01,2025-01-01,ativo
592,2265,2024-12-01,2025-01-01,ativo
593,2267,2024-12-01,2025-01-01,ativo
594,2269,2024-12-01,2025-01-01,ativo
595,2271,2024-12-01,2025-01-01,ativo
596,2273,2024-12-01,2025-01-01,ativo
597,2290,2024-12-01,2025-01-01,ativo
598,2298,2024-12-01,2025-01-01,ativo
599,2305,2024-12-01,2025-01-01,ativo
600,2308,2024-12-01,2025-01-01,ativo
601,2309,2024-12-01,2025-01-01,ativo
602,2312,2024-12-01,2025-01-01,ativo
603,2315,2024-12-01,2025-01-01,ativo
604,2323,2024-12-01,2025-01-01,ativo
605,2324,2024-12-01,2025-01-01,ativo
606,2325,2024-12-01,2025-01-01,ativo
607,2332,2024-12-01,2025-01-01,ativo
608,2338,2024-12-01,2025-01-01,ativo
609,2343,2024-12-01,2025-01-01,ativo
610,2347,2024-12-01,2025-01-01,ativo
611,2349,2024-12-01,2025-01-01,ativo
612,2358,2024-12-01,2025-01-01,ativo
613,2366,2024-12-01,2025-01-01,ativo
614,2372,2024-12-01,2025-01-01,ativo
615,2373,2024-12-01,2025-01-01,ativo
616,2374,2024-12-01,2025-01-01,ativo
617,2378,2024-12-01,2025-01-01,ativo
618,2379,2024-12-01,2025-01-01,ativo
619,2380,2024-12-01,2025-01-01,ativo
620,2384,2024-12-01,2025-01-01,ativo
621,2391,2024-12-01,2025-01-01,ativo
622,2392,2024-12-01,2025-01-01,ativo
623,2395,2024-12-01,2025-01-01,ativo
624,2398,2024-12-01,2025-01-01,ativo
625,2399,2024-12-01,2025-01-01,ativo
626,2400,2024-12-01,2025-01-01,ativo
627,2401,2024-12-01,2025-01-01,ativo
628,2403,2024-12-01,2025-01-01,ativo
629,2411,2024-12-01,2025-01-01,ativo
630,2413,2024-12-01,2025-01-01,ativo
631,2414,2024-12-01,2025-01-01,ativo
632,2418,2024-12-01,2025-01-01,ativo
633,2423,2024-12-01,2025-01-01,ativo
634,2425,2024-12-01,2025-01-01,ativo
635,2430,2024-12-01,2025-01-01,ativo
636,2434,2024-12-01,2025-01-01,ativo
637,2435,2024-12-01,2025-01-01,ativo
638,2440,2024-12-01,2025-01-01,ativo
639,2442,2024-12-01,2025-01-01,ativo
640,2446,2024-12-01,2025-01-01,ativo
641,2448,2024-12-01,2025-01-01,ativo
642,2449,2024-12-01,2025-01-01,ativo
643,2450,2024-12-01,2025-01-01,ativo
644,2453,2024-12-01,2025-01-01,ativo
645,2455,2024-12-01,2025-01-01,ativo
646,2465,2024-12-01,2025-01-01,ativo
647,2468,2024-12-01,2025-01-01,ativo
648,2473,2024-12-01,2025-01-01,ativo
649,2480,2024-12-01,2025-01-01,ativo
650,2484,2024-12-01,2025-01-01,ativo
651,2485,2024-12-01,2025-01-01,ativo
652,2493,2024-12-01,2025-01-01,ativo
653,2503,2024-12-01,2025-01-01,ativo
654,2507,2024-12-01,2025-01-01,ativo
655,2511,2024-12-01,2025-01-01,ativo
656,2514,2024-12-01,2025-01-01,ativo
657,2524,2024-12-01,2025-01-01,ativo
658,2530,2024-12-01,2025-01-01,ativo
659,2538,2024-12-01,2025-01-01,ativo
660,2548,2024-12-01,2025-01-01,ativo
661,2551,2024-12-01,2025-01-01,ativo
662,2553,2024-12-01,2025-01-01,ativo
663,2554,2024-12-01,2025-01-01,ativo
664,2557,2024-12-01,2025-01-01,ativo
665,2558,2024-12-01,2025-01-01,ativo
666,2561,2024-12-01,2025-01-01,ativo
667,2563,2024-12-01,2025-01-01,ativo
668,2564,2024-12-01,2025-01-01,ativo
669,2568,2024-12-01,2025-01-01,ativo
670,2578,2024-12-01,2025-01-01,ativo
671,2583,2024-12-01,2025-01-01,ativo
672,2585,2024-12-01,2025-01-01,ativo
673,2588,2024-12-01,2025-01-01,ativo
674,2597,2024-12-01,2025-01-01,ativo
675,2598,2024-12-01,2025-01-01,ativo
676,2601,2024-12-01,2025-01-01,ativo
677,2603,2024-12-01,2025-01-01,ativo
678,2606,2024-12-01,2025-01-01,ativo
679,2607,2024-12-01,2025-01-01,ativo
680,2616,2024-12-01,2025-01-01,ativo
681,2630,2024-12-01,2025-01-01,ativo
682,2635,2024-12-01,2025-01-01,ativo
683,2637,2024-12-01,2025-01-01,ativo
684,2638,2024-12-01,2025-01-01,ativo
685,2640,2024-12-01,2025-01-01,ativo
686,2644,2024-12-01,2025-01-01,ativo
687,2645,2024-12-01,2025-01-01,ativo
688,2651,2024-12-01,2025-01-01,ativo
689,2652,2024-12-01,2025-01-01,ativo
690,2657,2024-12-01,2025-01-01,ativo
691,2662,2024-12-01,2025-01-01,ativo
692,2669,2024-12-01,2025-01-01,ativo
693,2685,2024-12-01,2025-01-01,ativo
694,2688,2024-12-01,2025-01-01,ativo
695,2695,2024-12-01,2025-01-01,ativo
696,2697,2024-12-01,2025-01-01,ativo
697,2698,2024-12-01,2025-01-01,ativo
698,2700,2024-12-01,2025-01-01,ativo
699,2701,2024-12-01,2025-01-01,ativo
700,2706,2024-12-01,2025-01-01,ativo
701,2716,2024-12-01,2025-01-01,ativo
702,2722,2024-12-01,2025-01-01,ativo
703,2723,2024-12-01,2025-01-01,ativo
704,2726,2024-12-01,2025-01-01,ativo
705,2729,2024-12-01,2025-01-01,ativo
706,2730,2024-12-01,2025-01-01,ativo
707,2732,2024-12-01,2025-01-01,ativo
708,2741,2024-12-01,2025-01-01,ativo
709,2745,2024-12-01,2025-01-01,ativo
710,2749,2024-12-01,2025-01-01,ativo
711,2751,2024-12-01,2025-01-01,ativo
712,2752,2024-12-01,2025-01-01,ativo
713,2756,2024-12-01,2025-01-01,ativo
714,2766,2024-12-01,2025-01-01,ativo
715,2774,2024-12-01,2025-01-01,ativo
716,2777,2024-12-01,2025-01-01,ativo
717,2780,2024-12-01,2025-01-01,ativo
718,2782,2024-12-01,2025-01-01,ativo
719,2793,2024-12-01,2025-01-01,ativo
720,2797,2024-12-01,2025-01-01,ativo
721,2798,2024-12-01,2025-01-01,ativo
722,2801,2024-12-01,2025-01-01,ativo
723,2808,2024-12-01,2025-01-01,ativo
724,2810,2024-12-01,2025-01-01,ativo
725,2811,2024-12-01,2025-01-01,ativo
726,2812,2024-12-01,2025-01-01,ativo
727,2815,2024-12-01,2025-01-01,ativo
728,2819,2024-12-01,2025-01-01,ativo
729,2820,2024-12-01,2025-01-01,ativo
730,2824,2024-12-01,2025-01-01,ativo
731,2834,2024-12-01,2025-01-01,ativo
732,2838,2024-12-01,2025-01-01,ativo
733,2840,2024-12-01,2025-01-01,ativo
734,2841,2024-12-01,2025-01-01,ativo
735,2848,2024-12-01,2025-01-01,ativo
736,2849,2024-12-01,2025-01-01,ativo
737,2853,2024-12-01,2025-01-01,ativo
738,2859,2024-12-01,2025-01-01,ativo
739,2860,2024-12-01,2025-01-01,ativo
740,2865,2024-12-01,2025-01-01,ativo
741,2873,2024-12-01,2025-01-01,ativo
742,2885,2024-12-01,2025-01-01,ativo
743,2886,2024-12-01,2025-01-01,ativo
744,2889,2024-12-01,2025-01-01,ativo
745,2894,2024-12-01,2025-01-01,ativo
746,2895,2024-12-01,2025-01-01,ativo
747,2897,2024-12-01,2025-01-01,ativo
748,2898,2024-12-01,2025-01-01,ativo
749,2903,2024-12-01,2025-01-01,ativo
750,2913,2024-12-01,2025-01-01,ativo
751,2914,2024-12-01,2025-01-01,ativo
752,2915,2024-12-01,2025-01-01,ativo
753,2925,2024-12-01,2025-01-01,ativo
754,2926,2024-12-01,2025-01-01,ativo
755,2929,2024-12-01,2025-01-01,ativo
756,2939,2024-12-01,2025-01-01,ativo
757,2942,2024-12-01,2025-01-01,ativo
758,2944,2024-12-01,2025-01-01,ativo
759,2945,2024-12-01,2025-01-01,ativo
760,2947,2024-12-01,2025-01-01,ativo
761,2948,2024-12-01,2025-01-01,ativo
762,2952,2024-12-01,2025-01-01,ativo
763,2953,2024-12-01,2025-01-01,ativo
764,2960,2024-12-01,2025-01-01,ativo
765,2961,2024-12-01,2025-01-01,ativo
766,2964,2024-12-01,2025-01-01,ativo
767,2966,2024-12-01,2025-01-01,ativo
768,2970,2024-12-01,2025-01-01,ativo
769,2975,2024-12-01,2025-01-01,ativo
770,2976,2024-12-01,2025-01-01,ativo
771,2978,2024-12-01,2025-01-01,ativo
772,2980,2024-12-01,2025-01-01,ativo
773,2982,2024-12-01,2025-01-01,ativo
774,2988,2024-12-01,2025-01-01,ativo
775,2991,2024-12-01,2025-01-01,ativo
776,2999,2024-12-01,2025-01-01,ativo
777,3003,2024-12-01,2025-01-01,ativo
778,3013,2024-12-01,2025-01-01,ativo
779,3018,2024-12-01,2025-01-01,ativo
780,3020,2024-12-01,2025-01-01,ativo
781,3024,2024-12-01,2025-01-01,ativo
782,3027,2024-12-01,2025-01-01,ativo
783,3035,2024-12-01,2025-01-01,ativo
784,3040,2024-12-01,2025-01-01,ativo
785,3041,2024-12-01,2025-01-01,ativo
786,3046,2024-12-01,2025-01-01,ativo
787,3052,2024-12-01,2025-01-01,ativo
788,3060,2024-12-01,2025-01-01,ativo
789,3061,2024-12-01,2025-01-01,ativo
790,3062,2024-12-01,2025-01-01,ativo
791,3063,2024-12-01,2025-01-01,ativo
792,3064,2024-12-01,2025-01-01,ativo
793,3066,2024-12-01,2025-01-01,ativo
794,3087,2024-12-01,2025-01-01,ativo
795,3095,2024-12-01,2025-01-01,ativo
796,3100,2024-12-01,2025-01-01,ativo
797,3106,2024-12-01,2025-01-01,ativo
798,3108,2024-12-01,2025-01-01,ativo
799,3111,2024-12-01,2025-01-01,ativo
800,3112,2024-12-01,2025-01-01,ativo
801,3113,2024-12-01,2025-01-01,ativo
802,3115,2024-12-01,2025-01-01,ativo
803,3117,2024-12-01,2025-01-01,ativo
804,3123,2024-12-01,2025-01-01,ativo
805,3124,2024-12-01,2025-01-01,ativo
806,3126,2024-12-01,2025-01-01,ativo
807,3131,2024-12-01,2025-01-01,ativo
808,3132,2024-12-01,2025-01-01,ativo
809,3136,2024-12-01,2025-01-01,ativo
810,3141,2024-12-01,2025-01-01,ativo
811,3144,2024-12-01,2025-01-01,ativo
812,3146,2024-12-01,2025-01-01,ativo
813,3149,2024-12-01,2025-01-01,ativo
814,3160,2024-12-01,2025-01-01,ativo
815,3161,2024-12-01,2025-01-01,ativo
816,3166,2024-12-01,2025-01-01,ativo
817,3179,2024-12-01,2025-01-01,ativo
818,3181,2024-12-01,2025-01-01,ativo
819,3182,2024-12-01,2025-01-01,ativo
820,3187,2024-12-01,2025-01-01,ativo
821,3191,2024-12-01,2025-01-01,ativo
822,3193,2024-12-01,2025-01-01,ativo
823,3202,2024-12-01,2025-01-01,ativo
824,3204,2024-12-01,2025-01-01,ativo
825,3214,2024-12-01,2025-01-01,ativo
826,3218,2024-12-01,2025-01-01,ativo
827,3235,2024-12-01,2025-01-01,ativo
828,3241,2024-12-01,2025-01-01,ativo
829,3244,2024-12-01,2025-01-01,ativo
830,3245,2024-12-01,2025-01-01,ativo
831,3256,2024-12-01,2025-01-01,ativo
832,3258,2024-12-01,2025-01-01,ativo
833,3261,2024-12-01,2025-01-01,ativo
834,3263,2024-12-01,2025-01-01,ativo
835,3265,2024-12-01,2025-01-01,ativo
836,3267,2024-12-01,2025-01-01,ativo
837,3268,2024-12-01,2025-01-01,ativo
838,3271,2024-12-01,2025-01-01,ativo
839,3273,2024-12-01,2025-01-01,ativo
840,3276,2024-12-01,2025-01-01,ativo
841,3280,2024-12-01,2025-01-01,ativo
842,3281,2024-12-01,2025-01-01,ativo
843,3284,2024-12-01,2025-01-01,ativo
844,3290,2024-12-01,2025-01-01,ativo
845,3293,2024-12-01,2025-01-01,ativo
846,3294,2024-12-01,2025-01-01,ativo
847,3300,2024-12-01,2025-01-01,ativo
848,3309,2024-12-01,2025-01-01,ativo
849,3311,2024-12-01,2025-01-01,ativo
850,3312,2024-12-01,2025-01-01,ativo
851,3324,2024-12-01,2025-01-01,ativo
852,3331,2024-12-01,2025-01-01,ativo
853,3336,2024-12-01,2025-01-01,ativo
854,3338,2024-12-01,2025-01-01,ativo
855,3340,2024-12-01,2025-01-01,ativo
856,3342,2024-12-01,2025-01-01,ativo
857,3355,2024-12-01,2025-01-01,ativo
858,3362,2024-12-01,2025-01-01,ativo
859,3363,2024-12-01,2025-01-01,ativo
860,3375,2024-12-01,2025-01-01,ativo
861,3376,2024-12-01,2025-01-01,ativo
862,3379,2024-12-01,2025-01-01,ativo
863,3380,2024-12-01,2025-01-01,ativo
864,3385,2024-12-01,2025-01-01,ativo
865,3390,2024-12-01,2025-01-01,ativo
866,3396,2024-12-01,2025-01-01,ativo
867,3398,2024-12-01,2025-01-01,ativo
868,3399,2024-12-01,2025-01-01,ativo
869,3407,2024-12-01,2025-01-01,ativo
870,3408,2024-12-01,2025-01-01,ativo
871,3418,2024-12-01,2025-01-01,ativo
872,3420,2024-12-01,2025-01-01,ativo
873,3421,2024-12-01,2025-01-01,ativo
874,3423,2024-12-01,2025-01-01,ativo
875,3424,2024-12-01,2025-01-01,ativo
876,3425,2024-12-01,2025-01-01,ativo
877,3427,2024-12-01,2025-01-01,ativo
878,3437,2024-12-01,2025-01-01,ativo
879,3441,2024-12-01,2025-01-01,ativo
880,3442,2024-12-01,2025-01-01,ativo
881,3444,2024-12-01,2025-01-01,ativo
882,3446,2024-12-01,2025-01-01,ativo
883,3447,2024-12-01,2025-01-01,ativo
884,3451,2024-12-01,2025-01-01,ativo
885,3461,2024-12-01,2025-01-01,ativo
886,3462,2024-12-01,2025-01-01,ativo
887,3466,2024-12-01,2025-01-01,ativo
888,3468,2024-12-01,2025-01-01,ativo
889,3471,2024-12-01,2025-01-01,ativo
890,3476,2024-12-01,2025-01-01,ativo
891,3477,2024-12-01,2025-01-01,ativo
892,3484,2024-12-01,2025-01-01,ativo
893,3492,2024-12-01,2025-01-01,ativo
894,3496,2024-12-01,2025-01-01,ativo
895,3501,2024-12-01,2025-01-01,ativo
896,3506,2024-12-01,2025-01-01,ativo
897,3507,2024-12-01,2025-01-01,ativo
898,3508,2024-12-01,2025-01-01,ativo
899,3511,2024-12-01,2025-01-01,ativo
900,3513,2024-12-01,2025-01-01,ativo
901,3516,2024-12-01,2025-01-01,ativo
902,3522,2024-12-01,2025-01-01,ativo
903,3527,2024-12-01,2025-01-01,ativo
904,3538,2024-12-01,2025-01-01,ativo
905,3539,2024-12-01,2025-01-01,ativo
906,3542,2024-12-01,2025-01-01,ativo
907,3546,2024-12-01,2025-01-01,ativo
908,3554,2024-12-01,2025-01-01,ativo
909,3559,2024-12-01,2025-01-01,ativo
910,3566,2024-12-01,2025-01-01,ativo
911,3576,2024-12-01,2025-01-01,ativo
912,3578,2024-12-01,2025-01-01,ativo
913,3584,2024-12-01,2025-01-01,ativo
914,3585,2024-12-01,2025-01-01,ativo
915,3592,2024-12-01,2025-01-01,ativo
916,3594,2024-12-01,2025-01-01,ativo
917,3597,2024-12-01,2025-01-01,ativo
918,3601,2024-12-01,2025-01-01,ativo
919,3613,2024-12-01,2025-01-01,ativo
920,3616,2024-12-01,2025-01-01,ativo
921,3617,2024-12-01,2025-01-01,ativo
922,3622,2024-12-01,2025-01-01,ativo
923,3624,2024-12-01,2025-01-01,ativo
924,3629,2024-12-01,2025-01-01,ativo
925,3633,2024-12-01,2025-01-01,ativo
926,3635,2024-12-01,2025-01-01,ativo
927,3637,2024-12-01,2025-01-01,ativo
928,3639,2024-12-01,2025-01-01,ativo
929,3645,2024-12-01,2025-01-01,ativo
930,3647,2024-12-01,2025-01-01,ativo
931,3651,2024-12-01,2025-01-01,ativo
932,3652,2024-12-01,2025-01-01,ativo
933,3654,2024-12-01,2025-01-01,ativo
934,3660,2024-12-01,2025-01-01,ativo
935,3665,2024-12-01,2025-01-01,ativo
936,3670,2024-12-01,2025-01-01,ativo
937,3672,2024-12-01,2025-01-01,ativo
938,3682,2024-12-01,2025-01-01,ativo
939,3683,2024-12-01,2025-01-01,ativo
940,3685,2024-12-01,2025-01-01,ativo
941,3689,2024-12-01,2025-01-01,ativo
942,3697,2024-12-01,2025-01-01,ativo
943,3699,2024-12-01,2025-01-01,ativo
944,3702,2024-12-01,2025-01-01,ativo
945,3703,2024-12-01,2025-01-01,ativo
946,3709,2024-12-01,2025-01-01,ativo
947,3718,2024-12-01,2025-01-01,ativo
948,3726,2024-12-01,2025-01-01,ativo
949,3728,2024-12-01,2025-01-01,ativo
950,3735,2024-12-01,2025-01-01,ativo
951,3736,2024-12-01,2025-01-01,ativo
952,3738,2024-12-01,2025-01-01,ativo
953,3747,2024-12-01,2025-01-01,ativo
954,3755,2024-12-01,2025-01-01,ativo
955,3757,2024-12-01,2025-01-01,ativo
956,3761,2024-12-01,2025-01-01,ativo
957,3768,2024-12-01,2025-01-01,ativo
958,3774,2024-12-01,2025-01-01,ativo
959,3777,2024-12-01,2025-01-01,ativo
960,3780,2024-12-01,2025-01-01,ativo
961,3783,2024-12-01,2025-01-01,ativo
962,3787,2024-12-01,2025-01-01,ativo
963,3793,2024-12-01,2025-01-01,ativo
964,3796,2024-12-01,2025-01-01,ativo
965,3798,2024-12-01,2025-01-01,ativo
966,3800,2024-12-01,2025-01-01,ativo
967,3801,2024-12-01,2025-01-01,ativo
968,3803,2024-12-01,2025-01-01,ativo
969,3804,2024-12-01,2025-01-01,ativo
970,3806,2024-12-01,2025-01-01,ativo
971,3812,2024-12-01,2025-01-01,ativo
972,3814,2024-12-01,2025-01-01,ativo
973,3815,2024-12-01,2025-01-01,ativo
974,3817,2024-12-01,2025-01-01,ativo
975,3818,2024-12-01,2025-01-01,ativo
976,3822,2024-12-01,2025-01-01,ativo
977,3826,2024-12-01,2025-01-01,ativo
978,3829,2024-12-01,2025-01-01,ativo
979,3831,2024-12-01,2025-01-01,ativo
980,3832,2024-12-01,2025-01-01,ativo
981,3833,2024-12-01,2025-01-01,ativo
982,3835,2024-12-01,2025-01-01,ativo
983,3841,2024-12-01,2025-01-01,ativo
984,3844,2024-12-01,2025-01-01,ativo
985,3847,2024-12-01,2025-01-01,ativo
986,3851,2024-12-01,2025-01-01,ativo
987,3853,2024-12-01,2025-01-01,ativo
988,3854,2024-12-01,2025-01-01,ativo
989,3856,2024-12-01,2025-01-01,ativo
990,3867,2024-12-01,2025-01-01,ativo
991,3868,2024-12-01,2025-01-01,ativo
992,3870,2024-12-01,2025-01-01,ativo
993,3873,2024-12-01,2025-01-01,ativo
994,3874,2024-12-01,2025-01-01,ativo
995,3880,2024-12-01,2025-01-01,ativo
996,3881,2024-12-01,2025-01-01,ativo
997,3886,2024-12-01,2025-01-01,ativo
998,3887,2024-12-01,2025-01-01,ativo
999,3891,2024-12-01,2025-01-01,ativo
1000,3892,2024-12-01,2025-01-01,ativo
1001,3900,2024-12-01,2025-01-01,ativo
1002,3908,2024-12-01,2025-01-01,ativo
1003,3917,2024-12-01,2025-01-01,ativo
1004,3920,2024-12-01,2025-01-01,ativo
1005,3923,2024-12-01,2025-01-01,ativo
1006,3929,2024-12-01,2025-01-01,ativo
1007,3930,2024-12-01,2025-01-01,ativo
1008,3934,2024-12-01,2025-01-01,ativo
1009,3940,2024-12-01,2025-01-01,ativo
1010,3942,2024-12-01,2025-01-01,ativo
1011,3943,2024-12-01,2025-01-01,ativo
1012,3946,2024-12-01,2025-01-01,ativo
1013,3947,2024-12-01,2025-01-01,ativo
1014,3953,2024-12-01,2025-01-01,ativo
1015,3956,2024-12-01,2025-01-01,ativo
1016,3957,2024-12-01,2025-01-01,ativo
1017,3961,2024-12-01,2025-01-01,ativo
1018,3970,2024-12-01,2025-01-01,ativo
1019,3978,2024-12-01,2025-01-01,ativo
1020,3979,2024-12-01,2025-01-01,ativo
1021,3983,2024-12-01,2025-01-01,ativo
1022,3987,2024-12-01,2025-01-01,ativo
1023,3990,2024-12-01,2025-01-01,ativo
1024,3995,2024-12-01,2025-01-01,ativo
1025,4001,2024-12-01,2025-01-01,ativo
1026,4004,2024-12-01,2025-01-01,ativo
1027,4005,2024-12-01,2025-01-01,ativo
1028,4008,2024-12-01,2025-01-01,ativo
1029,4010,2024-12-01,2025-01-01,ativo
1030,4011,2024-12-01,2025-01-01,ativo
1031,4015,2024-12-01,2025-01-01,ativo
1032,4017,2024-12-01,2025-01-01,ativo
1033,4037,2024-12-01,2025-01-01,ativo
1034,4038,2024-12-01,2025-01-01,ativo
1035,4042,2024-12-01,2025-01-01,ativo
1036,4049,2024-12-01,2025-01-01,ativo
1037,4051,2024-12-01,2025-01-01,ativo
1038,4054,2024-12-01,2025-01-01,ativo
1039,4057,2024-12-01,2025-01-01,ativo
1040,4061,2024-12-01,2025-01-01,ativo
1041,4074,2024-12-01,2025-01-01,ativo
1042,4077,2024-12-01,2025-01-01,ativo
1043,4078,2024-12-01,2025-01-01,ativo
1044,4082,2024-12-01,2025-01-01,ativo
1045,4084,2024-12-01,2025-01-01,ativo
1046,4085,2024-12-01,2025-01-01,ativo
1047,4086,2024-12-01,2025-01-01,ativo
1048,4089,2024-12-01,2025-01-01,ativo
1049,4090,2024-12-01,2025-01-01,ativo
1050,4101,2024-12-01,2025-01-01,ativo
1051,4108,2024-12-01,2025-01-01,ativo
1052,4119,2024-12-01,2025-01-01,ativo
1053,4124,2024-12-01,2025-01-01,ativo
1054,4127,2024-12-01,2025-01-01,ativo
1055,4128,2024-12-01,2025-01-01,ativo
1056,4130,2024-12-01,2025-01-01,ativo
1057,4132,2024-12-01,2025-01-01,ativo
1058,4136,2024-12-01,2025-01-01,ativo
1059,4145,2024-12-01,2025-01-01,ativo
1060,4146,2024-12-01,2025-01-01,ativo
1061,4148,2024-12-01,2025-01-01,ativo
1062,4159,2024-12-01,2025-01-01,ativo
1063,4160,2024-12-01,2025-01-01,ativo
1064,4167,2024-12-01,2025-01-01,ativo
1065,4169,2024-12-01,2025-01-01,ativo
1066,4173,2024-12-01,2025-01-01,ativo
1067,4179,2024-12-01,2025-01-01,ativo
1068,4181,2024-12-01,2025-01-01,ativo
1069,4182,2024-12-01,2025-01-01,ativo
1070,4185,2024-12-01,2025-01-01,ativo
1071,4186,2024-12-01,2025-01-01,ativo
1072,4189,2024-12-01,2025-01-01,ativo
1073,4190,2024-12-01,2025-01-01,ativo
1074,4197,2024-12-01,2025-01-01,ativo
1075,4199,2024-12-01,2025-01-01,ativo
1076,4201,2024-12-01,2025-01-01,ativo
1077,4209,2024-12-01,2025-01-01,ativo
1078,4210,2024-12-01,2025-01-01,ativo
1079,4211,2024-12-01,2025-01-01,ativo
1080,4220,2024-12-01,2025-01-01,ativo
1081,4229,2024-12-01,2025-01-01,ativo
1082,4230,2024-12-01,2025-01-01,ativo
1083,4232,2024-12-01,2025-01-01,ativo
1084,4235,2024-12-01,2025-01-01,ativo
1085,4243,2024-12-01,2025-01-01,ativo
1086,4245,2024-12-01,2025-01-01,ativo
1087,4249,2024-12-01,2025-01-01,ativo
1088,4252,2024-12-01,2025-01-01,ativo
1089,4254,2024-12-01,2025-01-01,ativo
1090,4259,2024-12-01,2025-01-01,ativo
1091,4260,2024-12-01,2025-01-01,ativo
1092,4265,2024-12-01,2025-01-01,ativo
1093,4275,2024-12-01,2025-01-01,ativo
1094,4279,2024-12-01,2025-01-01,ativo
1095,4287,2024-12-01,2025-01-01,ativo
1096,4290,2024-12-01,2025-01-01,ativo
1097,4291,2024-12-01,2025-01-01,ativo
1098,4294,2024-12-01,2025-01-01,ativo
1099,4307,2024-12-01,2025-01-01,ativo
1100,4308,2024-12-01,2025-01-01,ativo
1101,4310,2024-12-01,2025-01-01,ativo
1102,4311,2024-12-01,2025-01-01,ativo
1103,4319,2024-12-01,2025-01-01,ativo
1104,4325,2024-12-01,2025-01-01,ativo
1105,4326,2024-12-01,2025-01-01,ativo
1106,4328,2024-12-01,2025-01-01,ativo
1107,4332,2024-12-01,2025-01-01,ativo
1108,4334,2024-12-01,2025-01-01,ativo
1109,4335,2024-12-01,2025-01-01,ativo
1110,4337,2024-12-01,2025-01-01,ativo
1111,4339,2024-12-01,2025-01-01,ativo
1112,4348,2024-12-01,2025-01-01,ativo
1113,4351,2024-12-01,2025-01-01,ativo
1114,4352,2024-12-01,2025-01-01,ativo
1115,4366,2024-12-01,2025-01-01,ativo
1116,4369,2024-12-01,2025-01-01,ativo
1117,4372,2024-12-01,2025-01-01,ativo
1118,4380,2024-12-01,2025-01-01,ativo
1119,4388,2024-12-01,2025-01-01,ativo
1120,4391,2024-12-01,2025-01-01,ativo
1121,4392,2024-12-01,2025-01-01,ativo
1122,4393,2024-12-01,2025-01-01,ativo
1123,4394,2024-12-01,2025-01-01,ativo
1124,4397,2024-12-01,2025-01-01,ativo
1125,4399,2024-12-01,2025-01-01,ativo
1126,4402,2024-12-01,2025-01-01,ativo
1127,4404,2024-12-01,2025-01-01,ativo
1128,4406,2024-12-01,2025-01-01,ativo
1129,4407,2024-12-01,2025-01-01,ativo
1130,4412,2024-12-01,2025-01-01,ativo
1131,4413,2024-12-01,2025-01-01,ativo
1132,4418,2024-12-01,2025-01-01,ativo
1133,4421,2024-12-01,2025-01-01,ativo
1134,4423,2024-12-01,2025-01-01,ativo
1135,4424,2024-12-01,2025-01-01,ativo
1136,4430,2024-12-01,2025-01-01,ativo
1137,4432,2024-12-01,2025-01-01,ativo
1138,4437,2024-12-01,2025-01-01,ativo
1139,4441,2024-12-01,2025-01-01,ativo
1140,4444,2024-12-01,2025-01-01,ativo
1141,4446,2024-12-01,2025-01-01,ativo
1142,4448,2024-12-01,2025-01-01,ativo
1143,4458,2024-12-01,2025-01-01,ativo
1144,4464,2024-12-01,2025-01-01,ativo
1145,4469,2024-12-01,2025-01-01,ativo
1146,4471,2024-12-01,2025-01-01,ativo
1147,4472,2024-12-01,2025-01-01,ativo
1148,4473,2024-12-01,2025-01-01,ativo
1149,4486,2024-12-01,2025-01-01,ativo
1150,4488,2024-12-01,2025-01-01,ativo
1151,4497,2024-12-01,2025-01-01,ativo
1152,4501,2024-12-01,2025-01-01,ativo
1153,4503,2024-12-01,2025-01-01,ativo
1154,4514,2024-12-01,2025-01-01,ativo
1155,4519,2024-12-01,2025-01-01,ativo
1156,4522,2024-12-01,2025-01-01,ativo
1157,4524,2024-12-01,2025-01-01,ativo
1158,4526,2024-12-01,2025-01-01,ativo
1159,4538,2024-12-01,2025-01-01,ativo
1160,4543,2024-12-01,2025-01-01,ativo
1161,4550,2024-12-01,2025-01-01,ativo
1162,4551,2024-12-01,2025-01-01,ativo
1163,4557,2024-12-01,2025-01-01,ativo
1164,4564,2024-12-01,2025-01-01,ativo
1165,4566,2024-12-01,2025-01-01,ativo
1166,4568,2024-12-01,2025-01-01,ativo
1167,4569,2024-12-01,2025-01-01,ativo
1168,4575,2024-12-01,2025-01-01,ativo
1169,4577,2024-12-01,2025-01-01,ativo
1170,4578,2024-12-01,2025-01-01,ativo
1171,4587,2024-12-01,2025-01-01,ativo
1172,4591,2024-12-01,2025-01-01,ativo
1173,4602,2024-12-01,2025-01-01,ativo
1174,4613,2024-12-01,2025-01-01,ativo
1175,4615,2024-12-01,2025-01-01,ativo
1176,4621,2024-12-01,2025-01-01,ativo
1177,4622,2024-12-01,2025-01-01,ativo
1178,4628,2024-12-01,2025-01-01,ativo
1179,4629,2024-12-01,2025-01-01,ativo
1180,4631,2024-12-01,2025-01-01,ativo
1181,4632,2024-12-01,2025-01-01,ativo
1182,4634,2024-12-01,2025-01-01,ativo
1183,4637,2024-12-01,2025-01-01,ativo
1184,4638,2024-12-01,2025-01-01,ativo
1185,4642,2024-12-01,2025-01-01,ativo
1186,4643,2024-12-01,2025-01-01,ativo
1187,4645,2024-12-01,2025-01-01,ativo
1188,4648,2024-12-01,2025-01-01,ativo
1189,4649,2024-12-01,2025-01-01,ativo
1190,4650,2024-12-01,2025-01-01,ativo
1191,4651,2024-12-01,2025-01-01,ativo
1192,4652,2024-12-01,2025-01-01,ativo
1193,4655,2024-12-01,2025-01-01,ativo
1194,4656,2024-12-01,2025-01-01,ativo
1195,4664,2024-12-01,2025-01-01,ativo
1196,4666,2024-12-01,2025-01-01,ativo
1197,4674,2024-12-01,2025-01-01,ativo
1198,4676,2024-12-01,2025-01-01,ativo
1199,4677,2024-12-01,2025-01-01,ativo
1200,4689,2024-12-01,2025-01-01,ativo
1201,4692,2024-12-01,2025-01-01,ativo
1202,4701,2024-12-01,2025-01-01,ativo
1203,4703,2024-12-01,2025-01-01,ativo
1204,4705,2024-12-01,2025-01-01,ativo
1205,4708,2024-12-01,2025-01-01,ativo
1206,4711,2024-12-01,2025-01-01,ativo
1207,4713,2024-12-01,2025-01-01,ativo
1208,4717,2024-12-01,2025-01-01,ativo
1209,4718,2024-12-01,2025-01-01,ativo
1210,4726,2024-12-01,2025-01-01,ativo
1211,4731,2024-12-01,2025-01-01,ativo
1212,4742,2024-12-01,2025-01-01,ativo
1213,4744,2024-12-01,2025-01-01,ativo
1214,4749,2024-12-01,2025-01-01,ativo
1215,4753,2024-12-01,2025-01-01,ativo
1216,4756,2024-12-01,2025-01-01,ativo
1217,4759,2024-12-01,2025-01-01,ativo
1218,4760,2024-12-01,2025-01-01,ativo
1219,4773,2024-12-01,2025-01-01,ativo
1220,4774,2024-12-01,2025-01-01,ativo
1221,4776,2024-12-01,2025-01-01,ativo
1222,4779,2024-12-01,2025-01-01,ativo
1223,4780,2024-12-01,2025-01-01,ativo
1224,4782,2024-12-01,2025-01-01,ativo
1225,4785,2024-12-01,2025-01-01,ativo
1226,4786,2024-12-01,2025-01-01,ativo
1227,4790,2024-12-01,2025-01-01,ativo
1228,4794,2024-12-01,2025-01-01,ativo
1229,4796,2024-12-01,2025-01-01,ativo
1230,4803,2024-12-01,2025-01-01,ativo
1231,4807,2024-12-01,2025-01-01,ativo
1232,4809,2024-12-01,2025-01-01,ativo
1233,4813,2024-12-01,2025-01-01,ativo
1234,4815,2024-12-01,2025-01-01,ativo
1235,4816,2024-12-01,2025-01-01,ativo
1236,4817,2024-12-01,2025-01-01,ativo
1237,4820,2024-12-01,2025-01-01,ativo
1238,4822,2024-12-01,2025-01-01,ativo
1239,4827,2024-12-01,2025-01-01,ativo
1240,4830,2024-12-01,2025-01-01,ativo
1241,4831,2024-12-01,2025-01-01,ativo
1242,4835,2024-12-01,2025-01-01,ativo
1243,4836,2024-12-01,2025-01-01,ativo
1244,4839,2024-12-01,2025-01-01,ativo
1245,4840,2024-12-01,2025-01-01,ativo
1246,4841,2024-12-01,2025-01-01,ativo
1247,4845,2024-12-01,2025-01-01,ativo
1248,4847,2024-12-01,2025-01-01,ativo
1249,4848,2024-12-01,2025-01-01,ativo
1250,4855,2024-12-01,2025-01-01,ativo
1251,4858,2024-12-01,2025-01-01,ativo
1252,4861,2024-12-01,2025-01-01,ativo
1253,4862,2024-12-01,2025-01-01,ativo
1254,4865,2024-12-01,2025-01-01,ativo
1255,4866,2024-12-01,2025-01-01,ativo
1256,4868,2024-12-01,2025-01-01,ativo
1257,4871,2024-12-01,2025-01-01,ativo
1258,4876,2024-12-01,2025-01-01,ativo
1259,4878,2024-12-01,2025-01-01,ativo
1260,4879,2024-12-01,2025-01-01,ativo
1261,4880,2024-12-01,2025-01-01,ativo
1262,4889,2024-12-01,2025-01-01,ativo
1263,4890,2024-12-01,2025-01-01,ativo
1264,4891,2024-12-01,2025-01-01,ativo
1265,4893,2024-12-01,2025-01-01,ativo
1266,4898,2024-12-01,2025-01-01,ativo
1267,4899,2024-12-01,2025-01-01,ativo
1268,4903,2024-12-01,2025-01-01,ativo
1269,4904,2024-12-01,2025-01-01,ativo
1270,4905,2024-12-01,2025-01-01,ativo
1271,4910,2024-12-01,2025-01-01,ativo
1272,4911,2024-12-01,2025-01-01,ativo
1273,4913,2024-12-01,2025-01-01,ativo
1274,4917,2024-12-01,2025-01-01,ativo
1275,4922,2024-12-01,2025-01-01,ativo
1276,4925,2024-12-01,2025-01-01,ativo
1277,4926,2024-12-01,2025-01-01,ativo
1278,4937,2024-12-01,2025-01-01,ativo
1279,4942,2024-12-01,2025-01-01,ativo
1280,4949,2024-12-01,2025-01-01,ativo
1281,4963,2024-12-01,2025-01-01,ativo
1282,4967,2024-12-01,2025-01-01,ativo
1283,4972,2024-12-01,2025-01-01,ativo
1284,4975,2024-12-01,2025-01-01,ativo
1285,4999,2024-12-01,2025-01-01,ativo
1286,5001,2024-12-01,2025-01-01,ativo
1287,5006,2024-12-01,2025-01-01,ativo
1288,5008,2024-12-01,2025-01-01,ativo
1289,5009,2024-12-01,2025-01-01,ativo
1290,5014,2024-12-01,2025-01-01,ativo
1291,5016,2024-12-01,2025-01-01,ativo
1292,5017,2024-12-01,2025-01-01,ativo
1293,5022,2024-12-01,2025-01-01,ativo
1294,5025,2024-12-01,2025-01-01,ativo
1295,5028,2024-12-01,2025-01-01,ativo
1296,5032,2024-12-01,2025-01-01,ativo
1297,5034,2024-12-01,2025-01-01,ativo
1298,5041,2024-12-01,2025-01-01,ativo
1299,5043,2024-12-01,2025-01-01,ativo
1300,5044,2024-12-01,2025-01-01,ativo
1301,5054,2024-12-01,2025-01-01,ativo
1302,5058,2024-12-01,2025-01-01,ativo
1303,5060,2024-12-01,2025-01-01,ativo
1304,5061,2024-12-01,2025-01-01,ativo
1305,5065,2024-12-01,2025-01-01,ativo
1306,5066,2024-12-01,2025-01-01,ativo
1307,5071,2024-12-01,2025-01-01,ativo
1308,5076,2024-12-01,2025-01-01,ativo
1309,5080,2024-12-01,2025-01-01,ativo
1310,5081,2024-12-01,2025-01-01,ativo
1311,5085,2024-12-01,2025-01-01,ativo
1312,5088,2024-12-01,2025-01-01,ativo
1313,5092,2024-12-01,2025-01-01,ativo
1314,5097,2024-12-01,2025-01-01,ativo
1315,5099,2024-12-01,2025-01-01,ativo
1316,5104,2024-12-01,2025-01-01,ativo
1317,5105,2024-12-01,2025-01-01,ativo
1318,5114,2024-12-01,2025-01-01,ativo
1319,5118,2024-12-01,2025-01-01,ativo
1320,5128,2024-12-01,2025-01-01,ativo
1321,5130,2024-12-01,2025-01-01,ativo
1322,5131,2024-12-01,2025-01-01,ativo
1323,5132,2024-12-01,2025-01-01,ativo
1324,5139,2024-12-01,2025-01-01,ativo
1325,5140,2024-12-01,2025-01-01,ativo
1326,5143,2024-12-01,2025-01-01,ativo
1327,5144,2024-12-01,2025-01-01,ativo
1328,5147,2024-12-01,2025-01-01,ativo
1329,5152,2024-12-01,2025-01-01,ativo
1330,5155,2024-12-01,2025-01-01,ativo
1331,5156,2024-12-01,2025-01-01,ativo
1332,5157,2024-12-01,2025-01-01,ativo
1333,5159,2024-12-01,2025-01-01,ativo
1334,5163,2024-12-01,2025-01-01,ativo
1335,5165,2024-12-01,2025-01-01,ativo
1336,5166,2024-12-01,2025-01-01,ativo
1337,5175,2024-12-01,2025-01-01,ativo
1338,5196,2024-12-01,2025-01-01,ativo
1339,5199,2024-12-01,2025-01-01,ativo
1340,5200,2024-12-01,2025-01-01,ativo
1341,5203,2024-12-01,2025-01-01,ativo
1342,5204,2024-12-01,2025-01-01,ativo
1343,5208,2024-12-01,2025-01-01,ativo
1344,5210,2024-12-01,2025-01-01,ativo
1345,5218,2024-12-01,2025-01-01,ativo
1346,5220,2024-12-01,2025-01-01,ativo
1347,5235,2024-12-01,2025-01-01,ativo
1348,5243,2024-12-01,2025-01-01,ativo
1349,5247,2024-12-01,2025-01-01,ativo
1350,5249,2024-12-01,2025-01-01,ativo
1351,5250,2024-12-01,2025-01-01,ativo
1352,5254,2024-12-01,2025-01-01,ativo
1353,5255,2024-12-01,2025-01-01,ativo
1354,5256,2024-12-01,2025-01-01,ativo
1355,5257,2024-12-01,2025-01-01,ativo
1356,5261,2024-12-01,2025-01-01,ativo
1357,5266,2024-12-01,2025-01-01,ativo
1358,5268,2024-12-01,2025-01-01,ativo
1359,5270,2024-12-01,2025-01-01,ativo
1360,5275,2024-12-01,2025-01-01,ativo
1361,5288,2024-12-01,2025-01-01,ativo
1362,5290,2024-12-01,2025-01-01,ativo
1363,5292,2024-12-01,2025-01-01,ativo
1364,5303,2024-12-01,2025-01-01,ativo
1365,5307,2024-12-01,2025-01-01,ativo
1366,5308,2024-12-01,2025-01-01,ativo
1367,5309,2024-12-01,2025-01-01,ativo
1368,5322,2024-12-01,2025-01-01,ativo
1369,5325,2024-12-01,2025-01-01,ativo
1370,5326,2024-12-01,2025-01-01,ativo
1371,5336,2024-12-01,2025-01-01,ativo
1372,5337,2024-12-01,2025-01-01,ativo
1373,5347,2024-12-01,2025-01-01,ativo
1374,5348,2024-12-01,2025-01-01,ativo
1375,5349,2024-12-01,2025-01-01,ativo
1376,5351,2024-12-01,2025-01-01,ativo
1377,5356,2024-12-01,2025-01-01,ativo
1378,5358,2024-12-01,2025-01-01,ativo
1379,5366,2024-12-01,2025-01-01,ativo
1380,5371,2024-12-01,2025-01-01,ativo
1381,5372,2024-12-01,2025-01-01,ativo
1382,5379,2024-12-01,2025-01-01,ativo
1383,5388,2024-12-01,2025-01-01,ativo
1384,5391,2024-12-01,2025-01-01,ativo
1385,5408,2024-12-01,2025-01-01,ativo
1386,5409,2024-12-01,2025-01-01,ativo
1387,5417,2024-12-01,2025-01-01,ativo
1388,5419,2024-12-01,2025-01-01,ativo
1389,5423,2024-12-01,2025-01-01,ativo
1390,5426,2024-12-01,2025-01-01,ativo
1391,5435,2024-12-01,2025-01-01,ativo
1392,5440,2024-12-01,2025-01-01,ativo
1393,5450,2024-12-01,2025-01-01,ativo
1394,5452,2024-12-01,2025-01-01,ativo
1395,5455,2024-12-01,2025-01-01,ativo
1396,5457,2024-12-01,2025-01-01,ativo
1397,5461,2024-12-01,2025-01-01,ativo
1398,5463,2024-12-01,2025-01-01,ativo
1399,5466,2024-12-01,2025-01-01,ativo
1400,5467,2024-12-01,2025-01-01,ativo
1401,5468,2024-12-01,2025-01-01,ativo
1402,5477,2024-12-01,2025-01-01,ativo
1403,5481,2024-12-01,2025-01-01,ativo
1404,5483,2024-12-01,2025-01-01,ativo
1405,5484,2024-12-01,2025-01-01,ativo
1406,5485,2024-12-01,2025-01-01,ativo
1407,5488,2024-12-01,2025-01-01,ativo
1408,5489,2024-12-01,2025-01-01,ativo
1409,5492,2024-12-01,2025-01-01,ativo
1410,5497,2024-12-01,2025-01-01,ativo
1411,5500,2024-12-01,2025-01-01,ativo
1412,5506,2024-12-01,2025-01-01,ativo
1413,5511,2024-12-01,2025-01-01,ativo
1414,5513,2024-12-01,2025-01-01,ativo
1415,5521,2024-12-01,2025-01-01,ativo
1416,5522,2024-12-01,2025-01-01,ativo
1417,5528,2024-12-01,2025-01-01,ativo
1418,5535,2024-12-01,2025-01-01,ativo
1419,5537,2024-12-01,2025-01-01,ativo
1420,5539,2024-12-01,2025-01-01,ativo
1421,5547,2024-12-01,2025-01-01,ativo
1422,5549,2024-12-01,2025-01-01,ativo
1423,5555,2024-12-01,2025-01-01,ativo
1424,5557,2024-12-01,2025-01-01,ativo
1425,5560,2024-12-01,2025-01-01,ativo
1426,5566,2024-12-01,2025-01-01,ativo
1427,5571,2024-12-01,2025-01-01,ativo
1428,5574,2024-12-01,2025-01-01,ativo
1429,5577,2024-12-01,2025-01-01,ativo
1430,5582,2024-12-01,2025-01-01,ativo
1431,5588,2024-12-01,2025-01-01,ativo
1432,5593,2024-12-01,2025-01-01,ativo
1433,5596,2024-12-01,2025-01-01,ativo
1434,5607,2024-12-01,2025-01-01,ativo
1435,5609,2024-12-01,2025-01-01,ativo
1436,5610,2024-12-01,2025-01-01,ativo
1437,5613,2024-12-01,2025-01-01,ativo
1438,5622,2024-12-01,2025-01-01,ativo
1439,5623,2024-12-01,2025-01-01,ativo
1440,5630,2024-12-01,2025-01-01,ativo
1441,5631,2024-12-01,2025-01-01,ativo
1442,5632,2024-12-01,2025-01-01,ativo
1443,5637,2024-12-01,2025-01-01,ativo
1444,5641,2024-12-01,2025-01-01,ativo
1445,5643,2024-12-01,2025-01-01,ativo
1446,5650,2024-12-01,2025-01-01,ativo
1447,5653,2024-12-01,2025-01-01,ativo
1448,5654,2024-12-01,2025-01-01,ativo
1449,5655,2024-12-01,2025-01-01,ativo
1450,5656,2024-12-01,2025-01-01,ativo
1451,5660,2024-12-01,2025-01-01,ativo
1452,5664,2024-12-01,2025-01-01,ativo
1453,5666,2024-12-01,2025-01-01,ativo
1454,5667,2024-12-01,2025-01-01,ativo
1455,5670,2024-12-01,2025-01-01,ativo
1456,5671,2024-12-01,2025-01-01,ativo
1457,5674,2024-12-01,2025-01-01,ativo
1458,5684,2024-12-01,2025-01-01,ativo
1459,5685,2024-12-01,2025-01-01,ativo
1460,5686,2024-12-01,2025-01-01,ativo
1461,5700,2024-12-01,2025-01-01,ativo
1462,5704,2024-12-01,2025-01-01,ativo
1463,5717,2024-12-01,2025-01-01,ativo
1464,5721,2024-12-01,2025-01-01,ativo
1465,5722,2024-12-01,2025-01-01,ativo
1466,5724,2024-12-01,2025-01-01,ativo
1467,5725,2024-12-01,2025-01-01,ativo
1468,5727,2024-12-01,2025-01-01,ativo
1469,5732,2024-12-01,2025-01-01,ativo
1470,5733,2024-12-01,2025-01-01,ativo
1471,5735,2024-12-01,2025-01-01,ativo
1472,5740,2024-12-01,2025-01-01,ativo
1473,5742,2024-12-01,2025-01-01,ativo
1474,5753,2024-12-01,2025-01-01,ativo
1475,5756,2024-12-01,2025-01-01,ativo
1476,5763,2024-12-01,2025-01-01,ativo
1477,5770,2024-12-01,2025-01-01,ativo
1478,5771,2024-12-01,2025-01-01,ativo
1479,5777,2024-12-01,2025-01-01,ativo
1480,5782,2024-12-01,2025-01-01,ativo
1481,5784,2024-12-01,2025-01-01,ativo
1482,5785,2024-12-01,2025-01-01,ativo
1483,5792,2024-12-01,2025-01-01,ativo
1484,5793,2024-12-01,2025-01-01,ativo
1485,5797,2024-12-01,2025-01-01,ativo
1486,5799,2024-12-01,2025-01-01,ativo
1487,5802,2024-12-01,2025-01-01,ativo
1488,5803,2024-12-01,2025-01-01,ativo
1489,5806,2024-12-01,2025-01-01,ativo
1490,5814,2024-12-01,2025-01-01,ativo
1491,5816,2024-12-01,2025-01-01,ativo
1492,5825,2024-12-01,2025-01-01,ativo
1493,5826,2024-12-01,2025-01-01,ativo
1494,5827,2024-12-01,2025-01-01,ativo
1495,5829,2024-12-01,2025-01-01,ativo
1496,5834,2024-12-01,2025-01-01,ativo
1497,5835,2024-12-01,2025-01-01,ativo
1498,5836,2024-12-01,2025-01-01,ativo
1499,5839,2024-12-01,2025-01-01,ativo
1500,5849,2024-12-01,2025-01-01,ativo
1501,5850,2024-12-01,2025-01-01,ativo
1502,5863,2024-12-01,2025-01-01,ativo
1503,5867,2024-12-01,2025-01-01,ativo
1504,5869,2024-12-01,2025-01-01,ativo
1505,5873,2024-12-01,2025-01-01,ativo
1506,5882,2024-12-01,2025-01-01,ativo
1507,5885,2024-12-01,2025-01-01,ativo
1508,5894,2024-12-01,2025-01-01,ativo
1509,5900,2024-12-01,2025-01-01,ativo
1510,5901,2024-12-01,2025-01-01,ativo
1511,5903,2024-12-01,2025-01-01,ativo
1512,5904,2024-12-01,2025-01-01,ativo
1513,5907,2024-12-01,2025-01-01,ativo
1514,5908,2024-12-01,2025-01-01,ativo
1515,5916,2024-12-01,2025-01-01,ativo
1516,5923,2024-12-01,2025-01-01,ativo
1517,5929,2024-12-01,2025-01-01,ativo
1518,5932,2024-12-01,2025-01-01,ativo
1519,5935,2024-12-01,2025-01-01,ativo
1520,5937,2024-12-01,2025-01-01,ativo
1521,5941,2024-12-01,2025-01-01,ativo
1522,5943,2024-12-01,2025-01-01,ativo
1523,5945,2024-12-01,2025-01-01,ativo
1524,5954,2024-12-01,2025-01-01,ativo
1525,5961,2024-12-01,2025-01-01,ativo
1526,5963,2024-12-01,2025-01-01,ativo
1527,5970,2024-12-01,2025-01-01,ativo
1528,5980,2024-12-01,2025-01-01,ativo
1529,5993,2024-12-01,2025-01-01,ativo
1530,5995,2024-12-01,2025-01-01,ativo
1531,5998,2024-12-01,2025-01-01,ativo
1532,5999,2024-12-01,2025-01-01,ativo
1533,6004,2024-12-01,2025-01-01,ativo
1534,6014,2024-12-01,2025-01-01,ativo
1535,6015,2024-12-01,2025-01-01,ativo
1536,6016,2024-12-01,2025-01-01,ativo
1537,6017,2024-12-01,2025-01-01,ativo
1538,6018,2024-12-01,2025-01-01,ativo
1539,6027,2024-12-01,2025-01-01,ativo
1540,6029,2024-12-01,2025-01-01,ativo
1541,6037,2024-12-01,2025-01-01,ativo
1542,6038,2024-12-01,2025-01-01,ativo
1543,6045,2024-12-01,2025-01-01,ativo
1544,6047,2024-12-01,2025-01-01,ativo
1545,6051,2024-12-01,2025-01-01,ativo
1546,6058,2024-12-01,2025-01-01,ativo
1547,6064,2024-12-01,2025-01-01,ativo
1548,6073,2024-12-01,2025-01-01,ativo
1549,6074,2024-12-01,2025-01-01,ativo
1550,6076,2024-12-01,2025-01-01,ativo
1551,6078,2024-12-01,2025-01-01,ativo
1552,6088,2024-12-01,2025-01-01,ativo
1553,6094,2024-12-01,2025-01-01,ativo
1554,6099,2024-12-01,2025-01-01,ativo
1555,6105,2024-12-01,2025-01-01,ativo
1556,6106,2024-12-01,2025-01-01,ativo
1557,6110,2024-12-01,2025-01-01,ativo
1558,6122,2024-12-01,2025-01-01,ativo
1559,6127,2024-12-01,2025-01-01,ativo
1560,6132,2024-12-01,2025-01-01,ativo
1561,6133,2024-12-01,2025-01-01,ativo
1562,6140,2024-12-01,2025-01-01,ativo
1563,6142,2024-12-01,2025-01-01,ativo
1564,6145,2024-12-01,2025-01-01,ativo
1565,6146,2024-12-01,2025-01-01,ativo
1566,6148,2024-12-01,2025-01-01,ativo
1567,6150,2024-12-01,2025-01-01,ativo
1568,6157,2024-12-01,2025-01-01,ativo
1569,6158,2024-12-01,2025-01-01,ativo
1570,6170,2024-12-01,2025-01-01,ativo
1571,6178,2024-12-01,2025-01-01,ativo
1572,6184,2024-12-01,2025-01-01,ativo
1573,6185,2024-12-01,2025-01-01,ativo
1574,6192,2024-12-01,2025-01-01,ativo
1575,6202,2024-12-01,2025-01-01,ativo
1576,6207,2024-12-01,2025-01-01,ativo
1577,6209,2024-12-01,2025-01-01,ativo
1578,6213,2024-12-01,2025-01-01,ativo
1579,6218,2024-12-01,2025-01-01,ativo
1580,6225,2024-12-01,2025-01-01,ativo
1581,6228,2024-12-01,2025-01-01,ativo
1582,6230,2024-12-01,2025-01-01,ativo
1583,6232,2024-12-01,2025-01-01,ativo
1584,6234,2024-12-01,2025-01-01,ativo
1585,6236,2024-12-01,2025-01-01,ativo
1586,6241,2024-12-01,2025-01-01,ativo
1587,6249,2024-12-01,2025-01-01,ativo
1588,6250,2024-12-01,2025-01-01,ativo
1589,6255,2024-12-01,2025-01-01,ativo
1590,6256,2024-12-01,2025-01-01,ativo
1591,6262,2024-12-01,2025-01-01,ativo
1592,6264,2024-12-01,2025-01-01,ativo
1593,6266,2024-12-01,2025-01-01,ativo
1594,6268,2024-12-01,2025-01-01,ativo
1595,6271,2024-12-01,2025-01-01,ativo
1596,6274,2024-12-01,2025-01-01,ativo
1597,6277,2024-12-01,2025-01-01,ativo
1598,6283,2024-12-01,2025-01-01,ativo
1599,6285,2024-12-01,2025-01-01,ativo
1600,6291,2024-12-01,2025-01-01,ativo
1601,6293,2024-12-01,2025-01-01,ativo
1602,6301,2024-12-01,2025-01-01,ativo
1603,6303,2024-12-01,2025-01-01,ativo
1604,6307,2024-12-01,2025-01-01,ativo
1605,6322,2024-12-01,2025-01-01,ativo
1606,6325,2024-12-01,2025-01-01,ativo
1607,6328,2024-12-01,2025-01-01,ativo
1608,6329,2024-12-01,2025-01-01,ativo
1609,6330,2024-12-01,2025-01-01,ativo
1610,6332,2024-12-01,2025-01-01,ativo
1611,6339,2024-12-01,2025-01-01,ativo
1612,6340,2024-12-01,2025-01-01,ativo
1613,6342,2024-12-01,2025-01-01,ativo
1614,6345,2024-12-01,2025-01-01,ativo
1615,6354,2024-12-01,2025-01-01,ativo
1616,6355,2024-12-01,2025-01-01,ativo
1617,6359,2024-12-01,2025-01-01,ativo
1618,6361,2024-12-01,2025-01-01,ativo
1619,6369,2024-12-01,2025-01-01,ativo
1620,6388,2024-12-01,2025-01-01,ativo
1621,6389,2024-12-01,2025-01-01,ativo
1622,6394,2024-12-01,2025-01-01,ativo
1623,6407,2024-12-01,2025-01-01,ativo
1624,6412,2024-12-01,2025-01-01,ativo
1625,6415,2024-12-01,2025-01-01,ativo
1626,6420,2024-12-01,2025-01-01,ativo
1627,6423,2024-12-01,2025-01-01,ativo
1628,6425,2024-12-01,2025-01-01,ativo
1629,6428,2024-12-01,2025-01-01,ativo
1630,6430,2024-12-01,2025-01-01,ativo
1631,6433,2024-12-01,2025-01-01,ativo
1632,6434,2024-12-01,2025-01-01,ativo
1633,6436,2024-12-01,2025-01-01,ativo
1634,6439,2024-12-01,2025-01-01,ativo
1635,6442,2024-12-01,2025-01-01,ativo
1636,6443,2024-12-01,2025-01-01,ativo
1637,6444,2024-12-01,2025-01-01,ativo
1638,6453,2024-12-01,2025-01-01,ativo
1639,6457,2024-12-01,2025-01-01,ativo
1640,6460,2024-12-01,2025-01-01,ativo
1641,6461,2024-12-01,2025-01-01,ativo
1642,6464,2024-12-01,2025-01-01,ativo
1643,6465,2024-12-01,2025-01-01,ativo
1644,6467,2024-12-01,2025-01-01,ativo
1645,6468,2024-12-01,2025-01-01,ativo
1646,6470,2024-12-01,2025-01-01,ativo
1647,6473,2024-12-01,2025-01-01,ativo
1648,6474,2024-12-01,2025-01-01,ativo
1649,6475,2024-12-01,2025-01-01,ativo
1650,6480,2024-12-01,2025-01-01,ativo
1651,6484,2024-12-01,2025-01-01,ativo
1652,6489,2024-12-01,2025-01-01,ativo
1653,6504,2024-12-01,2025-01-01,ativo
1654,6505,2024-12-01,2025-01-01,ativo
1655,6506,2024-12-01,2025-01-01,ativo
1656,6508,2024-12-01,2025-01-01,ativo
1657,6519,2024-12-01,2025-01-01,ativo
1658,6524,2024-12-01,2025-01-01,ativo
1659,6528,2024-12-01,2025-01-01,ativo
1660,6532,2024-12-01,2025-01-01,ativo
1661,6533,2024-12-01,2025-01-01,ativo
1662,6543,2024-12-01,2025-01-01,ativo
1663,6545,2024-12-01,2025-01-01,ativo
1664,6550,2024-12-01,2025-01-01,ativo
1665,6551,2024-12-01,2025-01-01,ativo
1666,6552,2024-12-01,2025-01-01,ativo
1667,6555,2024-12-01,2025-01-01,ativo
1668,6556,2024-12-01,2025-01-01,ativo
1669,6562,2024-12-01,2025-01-01,ativo
1670,6565,2024-12-01,2025-01-01,ativo
1671,6572,2024-12-01,2025-01-01,ativo
1672,6578,2024-12-01,2025-01-01,ativo
1673,6579,2024-12-01,2025-01-01,ativo
1674,6590,2024-12-01,2025-01-01,ativo
1675,6597,2024-12-01,2025-01-01,ativo
1676,6603,2024-12-01,2025-01-01,ativo
1677,6614,2024-12-01,2025-01-01,ativo
1678,6615,2024-12-01,2025-01-01,ativo
1679,6616,2024-12-01,2025-01-01,ativo
1680,6617,2024-12-01,2025-01-01,ativo
1681,6620,2024-12-01,2025-01-01,ativo
1682,6623,2024-12-01,2025-01-01,ativo
1683,6624,2024-12-01,2025-01-01,ativo
1684,6625,2024-12-01,2025-01-01,ativo
1685,6626,2024-12-01,2025-01-01,ativo
1686,6628,2024-12-01,2025-01-01,ativo
1687,6630,2024-12-01,2025-01-01,ativo
1688,6639,2024-12-01,2025-01-01,ativo
1689,6644,2024-12-01,2025-01-01,ativo
1690,6646,2024-12-01,2025-01-01,ativo
1691,6649,2024-12-01,2025-01-01,ativo
1692,6650,2024-12-01,2025-01-01,ativo
1693,6652,2024-12-01,2025-01-01,ativo
1694,6654,2024-12-01,2025-01-01,ativo
1695,6655,2024-12-01,2025-01-01,ativo
1696,6657,2024-12-01,2025-01-01,ativo
1697,6663,2024-12-01,2025-01-01,ativo
1698,6675,2024-12-01,2025-01-01,ativo
1699,6676,2024-12-01,2025-01-01,ativo
1700,6679,2024-12-01,2025-01-01,ativo
1701,6684,2024-12-01,2025-01-01,ativo
1702,6685,2024-12-01,2025-01-01,ativo
1703,6686,2024-12-01,2025-01-01,ativo
1704,6689,2024-12-01,2025-01-01,ativo
1705,6690,2024-12-01,2025-01-01,ativo
1706,6691,2024-12-01,2025-01-01,ativo
1707,6702,2024-12-01,2025-01-01,ativo
1708,6708,2024-12-01,2025-01-01,ativo
1709,6710,2024-12-01,2025-01-01,ativo
1710,6711,2024-12-01,2025-01-01,ativo
1711,6731,2024-12-01,2025-01-01,ativo
1712,6734,2024-12-01,2025-01-01,ativo
1713,6737,2024-12-01,2025-01-01,ativo
1714,6740,2024-12-01,2025-01-01,ativo
1715,6741,2024-12-01,2025-01-01,ativo
1716,6745,2024-12-01,2025-01-01,ativo
1717,6749,2024-12-01,2025-01-01,ativo
1718,6750,2024-12-01,2025-01-01,ativo
1719,6751,2024-12-01,2025-01-01,ativo
1720,6754,2024-12-01,2025-01-01,ativo
1721,6755,2024-12-01,2025-01-01,ativo
1722,6762,2024-12-01,2025-01-01,ativo
1723,6764,2024-12-01,2025-01-01,ativo
1724,6767,2024-12-01,2025-01-01,ativo
1725,6768,2024-12-01,2025-01-01,ativo
1726,6769,2024-12-01,2025-01-01,ativo
1727,6771,2024-12-01,2025-01-01,ativo
1728,6776,2024-12-01,2025-01-01,ativo
1729,6777,2024-12-01,2025-01-01,ativo
1730,6778,2024-12-01,2025-01-01,ativo
1731,6783,2024-12-01,2025-01-01,ativo
1732,6785,2024-12-01,2025-01-01,ativo
1733,6788,2024-12-01,2025-01-01,ativo
1734,6791,2024-12-01,2025-01-01,ativo
1735,6792,2024-12-01,2025-01-01,ativo
1736,6794,2024-12-01,2025-01-01,ativo
1737,6798,2024-12-01,2025-01-01,ativo
1738,6799,2024-12-01,2025-01-01,ativo
1739,6806,2024-12-01,2025-01-01,ativo
1740,6807,2024-12-01,2025-01-01,ativo
1741,6813,2024-12-01,2025-01-01,ativo
1742,6816,2024-12-01,2025-01-01,ativo
1743,6820,2024-12-01,2025-01-01,ativo
1744,6823,2024-12-01,2025-01-01,ativo
1745,6824,2024-12-01,2025-01-01,ativo
1746,6825,2024-12-01,2025-01-01,ativo
1747,6829,2024-12-01,2025-01-01,ativo
1748,6830,2024-12-01,2025-01-01,ativo
1749,6831,2024-12-01,2025-01-01,ativo
1750,6834,2024-12-01,2025-01-01,ativo
1751,6836,2024-12-01,2025-01-01,ativo
1752,6837,2024-12-01,2025-01-01,ativo
1753,6838,2024-12-01,2025-01-01,ativo
1754,6840,2024-12-01,2025-01-01,ativo
1755,6844,2024-12-01,2025-01-01,ativo
1756,6845,2024-12-01,2025-01-01,ativo
1757,6849,2024-12-01,2025-01-01,ativo
1758,6850,2024-12-01,2025-01-01,ativo
1759,6859,2024-12-01,2025-01-01,ativo
1760,6861,2024-12-01,2025-01-01,ativo
1761,6871,2024-12-01,2025-01-01,ativo
1762,6874,2024-12-01,2025-01-01,ativo
1763,6876,2024-12-01,2025-01-01,ativo
1764,6880,2024-12-01,2025-01-01,ativo
1765,6887,2024-12-01,2025-01-01,ativo
1766,6891,2024-12-01,2025-01-01,ativo
1767,6903,2024-12-01,2025-01-01,ativo
1768,6904,2024-12-01,2025-01-01,ativo
1769,6907,2024-12-01,2025-01-01,ativo
1770,6908,2024-12-01,2025-01-01,ativo
1771,6909,2024-12-01,2025-01-01,ativo
1772,6911,2024-12-01,2025-01-01,ativo
1773,6912,2024-12-01,2025-01-01,ativo
1774,6916,2024-12-01,2025-01-01,ativo
1775,6919,2024-12-01,2025-01-01,ativo
1776,6928,2024-12-01,2025-01-01,ativo
1777,6937,2024-12-01,2025-01-01,ativo
1778,6940,2024-12-01,2025-01-01,ativo
1779,6944,2024-12-01,2025-01-01,ativo
1780,6948,2024-12-01,2025-01-01,ativo
1781,6950,2024-12-01,2025-01-01,ativo
1782,6956,2024-12-01,2025-01-01,ativo
1783,6964,2024-12-01,2025-01-01,ativo
1784,6967,2024-12-01,2025-01-01,ativo
1785,6973,2024-12-01,2025-01-01,ativo
1786,6975,2024-12-01,2025-01-01,ativo
1787,6980,2024-12-01,2025-01-01,ativo
1788,6981,2024-12-01,2025-01-01,ativo
1789,6982,2024-12-01,2025-01-01,ativo
1790,6984,2024-12-01,2025-01-01,ativo
1791,6986,2024-12-01,2025-01-01,ativo
1792,6988,2024-12-01,2025-01-01,ativo
1793,6992,2024-12-01,2025-01-01,ativo
1794,7000,2024-12-01,2025-01-01,ativo
1795,7002,2024-12-01,2025-01-01,ativo
1796,7018,2024-12-01,2025-01-01,ativo
1797,7020,2024-12-01,2025-01-01,ativo
1798,7021,2024-12-01,2025-01-01,ativo
1799,7023,2024-12-01,2025-01-01,ativo
1800,7031,2024-12-01,2025-01-01,ativo
1801,7040,2024-12-01,2025-01-01,ativo
1802,7044,2024-12-01,2025-01-01,ativo
1803,7047,2024-12-01,2025-01-01,ativo
1804,7052,2024-12-01,2025-01-01,ativo
1805,7054,2024-12-01,2025-01-01,ativo
1806,7055,2024-12-01,2025-01-01,ativo
1807,7058,2024-12-01,2025-01-01,ativo
1808,7059,2024-12-01,2025-01-01,ativo
1809,7061,2024-12-01,2025-01-01,ativo
1810,7065,2024-12-01,2025-01-01,ativo
1811,7068,2024-12-01,2025-01-01,ativo
1812,7071,2024-12-01,2025-01-01,ativo
1813,7074,2024-12-01,2025-01-01,ativo
1814,7092,2024-12-01,2025-01-01,ativo
1815,7097,2024-12-01,2025-01-01,ativo
1816,7100,2024-12-01,2025-01-01,ativo
1817,7104,2024-12-01,2025-01-01,ativo
1818,7106,2024-12-01,2025-01-01,ativo
1819,7112,2024-12-01,2025-01-01,ativo
1820,7115,2024-12-01,2025-01-01,ativo
1821,7117,2024-12-01,2025-01-01,ativo
1822,7125,2024-12-01,2025-01-01,ativo
1823,7126,2024-12-01,2025-01-01,ativo
1824,7128,2024-12-01,2025-01-01,ativo
1825,7129,2024-12-01,2025-01-01,ativo
1826,7131,2024-12-01,2025-01-01,ativo
1827,7136,2024-12-01,2025-01-01,ativo
1828,7138,2024-12-01,2025-01-01,ativo
1829,7142,2024-12-01,2025-01-01,ativo
1830,7147,2024-12-01,2025-01-01,ativo
1831,7149,2024-12-01,2025-01-01,ativo
1832,7151,2024-12-01,2025-01-01,ativo
1833,7155,2024-12-01,2025-01-01,ativo
1834,7157,2024-12-01,2025-01-01,ativo
1835,7166,2024-12-01,2025-01-01,ativo
1836,7173,2024-12-01,2025-01-01,ativo
1837,7174,2024-12-01,2025-01-01,ativo
1838,7184,2024-12-01,2025-01-01,ativo
1839,7190,2024-12-01,2025-01-01,ativo
1840,7197,2024-12-01,2025-01-01,ativo
1841,7203,2024-12-01,2025-01-01,ativo
1842,7205,2024-12-01,2025-01-01,ativo
1843,7209,2024-12-01,2025-01-01,ativo
1844,7231,2024-12-01,2025-01-01,ativo
1845,7237,2024-12-01,2025-01-01,ativo
1846,7238,2024-12-01,2025-01-01,ativo
1847,7252,2024-12-01,2025-01-01,ativo
1848,7256,2024-12-01,2025-01-01,ativo
1849,7258,2024-12-01,2025-01-01,ativo
1850,7262,2024-12-01,2025-01-01,ativo
1851,7278,2024-12-01,2025-01-01,ativo
1852,7279,2024-12-01,2025-01-01,ativo
1853,7283,2024-12-01,2025-01-01,ativo
1854,7284,2024-12-01,2025-01-01,ativo
1855,7287,2024-12-01,2025-01-01,ativo
1856,7296,2024-12-01,2025-01-01,ativo
1857,7304,2024-12-01,2025-01-01,ativo
1858,7305,2024-12-01,2025-01-01,ativo
1859,7309,2024-12-01,2025-01-01,ativo
1860,7312,2024-12-01,2025-01-01,ativo
1861,7318,2024-12-01,2025-01-01,ativo
1862,7320,2024-12-01,2025-01-01,ativo
1863,7324,2024-12-01,2025-01-01,ativo
1864,7330,2024-12-01,2025-01-01,ativo
1865,7340,2024-12-01,2025-01-01,ativo
1866,7342,2024-12-01,2025-01-01,ativo
1867,7343,2024-12-01,2025-01-01,ativo
1868,7345,2024-12-01,2025-01-01,ativo
1869,7352,2024-12-01,2025-01-01,ativo
1870,7355,2024-12-01,2025-01-01,ativo
1871,7359,2024-12-01,2025-01-01,ativo
1872,7361,2024-12-01,2025-01-01,ativo
1873,7363,2024-12-01,2025-01-01,ativo
1874,7368,2024-12-01,2025-01-01,ativo
1875,7369,2024-12-01,2025-01-01,ativo
1876,7372,2024-12-01,2025-01-01,ativo
1877,7373,2024-12-01,2025-01-01,ativo
1878,7380,2024-12-01,2025-01-01,ativo
1879,7382,2024-12-01,2025-01-01,ativo
1880,7386,2024-12-01,2025-01-01,ativo
1881,7389,2024-12-01,2025-01-01,ativo
1882,7392,2024-12-01,2025-01-01,ativo
1883,7393,2024-12-01,2025-01-01,ativo
1884,7400,2024-12-01,2025-01-01,ativo
1885,7410,2024-12-01,2025-01-01,ativo
1886,7411,2024-12-01,2025-01-01,ativo
1887,7415,2024-12-01,2025-01-01,ativo
1888,7416,2024-12-01,2025-01-01,ativo
1889,7418,2024-12-01,2025-01-01,ativo
1890,7419,2024-12-01,2025-01-01,ativo
1891,7420,2024-12-01,2025-01-01,ativo
1892,7421,2024-12-01,2025-01-01,ativo
1893,7430,2024-12-01,2025-01-01,ativo
1894,7433,2024-12-01,2025-01-01,ativo
1895,7436,2024-12-01,2025-01-01,ativo
1896,7441,2024-12-01,2025-01-01,ativo
1897,7446,2024-12-01,2025-01-01,ativo
1898,7449,2024-12-01,2025-01-01,ativo
1899,7460,2024-12-01,2025-01-01,ativo
1900,7461,2024-12-01,2025-01-01,ativo
1901,7470,2024-12-01,2025-01-01,ativo
1902,7479,2024-12-01,2025-01-01,ativo
1903,7488,2024-12-01,2025-01-01,ativo
1904,7489,2024-12-01,2025-01-01,ativo
1905,7490,2024-12-01,2025-01-01,ativo
1906,7491,2024-12-01,2025-01-01,ativo
1907,7493,2024-12-01,2025-01-01,ativo
1908,7497,2024-12-01,2025-01-01,ativo
1909,7501,2024-12-01,2025-01-01,ativo
1910,7502,2024-12-01,2025-01-01,ativo
1911,7503,2024-12-01,2025-01-01,ativo
1912,7507,2024-12-01,2025-01-01,ativo
1913,7508,2024-12-01,2025-01-01,ativo
1914,7517,2024-12-01,2025-01-01,ativo
1915,7519,2024-12-01,2025-01-01,ativo
1916,7521,2024-12-01,2025-01-01,ativo
1917,7523,2024-12-01,2025-01-01,ativo
1918,7526,2024-12-01,2025-01-01,ativo
1919,7528,2024-12-01,2025-01-01,ativo
1920,7529,2024-12-01,2025-01-01,ativo
1921,7532,2024-12-01,2025-01-01,ativo
1922,7536,2024-12-01,2025-01-01,ativo
1923,7540,2024-12-01,2025-01-01,ativo
1924,7541,2024-12-01,2025-01-01,ativo
1925,7544,2024-12-01,2025-01-01,ativo
1926,7546,2024-12-01,2025-01-01,ativo
1927,7554,2024-12-01,2025-01-01,ativo
1928,7558,2024-12-01,2025-01-01,ativo
1929,7561,2024-12-01,2025-01-01,ativo
1930,7568,2024-12-01,2025-01-01,ativo
1931,7576,2024-12-01,2025-01-01,ativo
1932,7579,2024-12-01,2025-01-01,ativo
1933,7581,2024-12-01,2025-01-01,ativo
1934,7585,2024-12-01,2025-01-01,ativo
1935,7586,2024-12-01,2025-01-01,ativo
1936,7587,2024-12-01,2025-01-01,ativo
1937,7589,2024-12-01,2025-01-01,ativo
1938,7598,2024-12-01,2025-01-01,ativo
1939,7601,2024-12-01,2025-01-01,ativo
1940,7602,2024-12-01,2025-01-01,ativo
1941,7605,2024-12-01,2025-01-01,ativo
1942,7606,2024-12-01,2025-01-01,ativo
1943,7617,2024-12-01,2025-01-01,ativo
1944,7620,2024-12-01,2025-01-01,ativo
1945,7622,2024-12-01,2025-01-01,ativo
1946,7630,2024-12-01,2025-01-01,ativo
1947,7631,2024-12-01,2025-01-01,ativo
1948,7633,2024-12-01,2025-01-01,ativo
1949,7638,2024-12-01,2025-01-01,ativo
1950,7641,2024-12-01,2025-01-01,ativo
1951,7645,2024-12-01,2025-01-01,ativo
1952,7648,2024-12-01,2025-01-01,ativo
1953,7650,2024-12-01,2025-01-01,ativo
1954,7654,2024-12-01,2025-01-01,ativo
1955,7659,2024-12-01,2025-01-01,ativo
1956,7663,2024-12-01,2025-01-01,ativo
1957,7672,2024-12-01,2025-01-01,ativo
1958,7673,2024-12-01,2025-01-01,ativo
1959,7674,2024-12-01,2025-01-01,ativo
1960,7681,2024-12-01,2025-01-01,ativo
1961,7687,2024-12-01,2025-01-01,ativo
1962,7688,2024-12-01,2025-01-01,ativo
1963,7689,2024-12-01,2025-01-01,ativo
1964,7691,2024-12-01,2025-01-01,ativo
1965,7693,2024-12-01,2025-01-01,ativo
1966,7695,2024-12-01,2025-01-01,ativo
1967,7703,2024-12-01,2025-01-01,ativo
1968,7704,2024-12-01,2025-01-01,ativo
1969,7707,2024-12-01,2025-01-01,ativo
1970,7708,2024-12-01,2025-01-01,ativo
1971,7717,2024-12-01,2025-01-01,ativo
1972,7719,2024-12-01,2025-01-01,ativo
1973,7723,2024-12-01,2025-01-01,ativo
1974,7724,2024-12-01,2025-01-01,ativo
1975,7728,2024-12-01,2025-01-01,ativo
1976,7729,2024-12-01,2025-01-01,ativo
1977,7743,2024-12-01,2025-01-01,ativo
1978,7744,2024-12-01,2025-01-01,ativo
1979,7750,2024-12-01,2025-01-01,ativo
1980,7751,2024-12-01,2025-01-01,ativo
1981,7761,2024-12-01,2025-01-01,ativo
1982,7771,2024-12-01,2025-01-01,ativo
1983,7772,2024-12-01,2025-01-01,ativo
1984,7776,2024-12-01,2025-01-01,ativo
1985,7777,2024-12-01,2025-01-01,ativo
1986,7778,2024-12-01,2025-01-01,ativo
1987,7779,2024-12-01,2025-01-01,ativo
1988,7782,2024-12-01,2025-01-01,ativo
1989,7791,2024-12-01,2025-01-01,ativo
1990,7799,2024-12-01,2025-01-01,ativo
1991,7803,2024-12-01,2025-01-01,ativo
1992,7808,2024-12-01,2025-01-01,ativo
1993,7812,2024-12-01,2025-01-01,ativo
1994,7821,2024-12-01,2025-01-01,ativo
1995,7827,2024-12-01,2025-01-01,ativo
1996,7829,2024-12-01,2025-01-01,ativo
1997,7830,2024-12-01,2025-01-01,ativo
1998,7834,2024-12-01,2025-01-01,ativo
1999,7835,2024-12-01,2025-01-01,ativo
2000,7836,2024-12-01,2025-01-01,ativo
2001,7841,2024-12-01,2025-01-01,ativo
2002,7842,2024-12-01,2025-01-01,ativo
2003,7845,2024-12-01,2025-01-01,ativo
2004,7850,2024-12-01,2025-01-01,ativo
2005,7858,2024-12-01,2025-01-01,ativo
2006,7868,2024-12-01,2025-01-01,ativo
2007,7878,2024-12-01,2025-01-01,ativo
2008,7880,2024-12-01,2025-01-01,ativo
2009,7881,2024-12-01,2025-01-01,ativo
2010,7884,2024-12-01,2025-01-01,ativo
2011,7889,2024-12-01,2025-01-01,ativo
2012,7891,2024-12-01,2025-01-01,ativo
2013,7893,2024-12-01,2025-01-01,ativo
2014,7901,2024-12-01,2025-01-01,ativo
2015,7907,2024-12-01,2025-01-01,ativo
2016,7908,2024-12-01,2025-01-01,ativo
2017,7909,2024-12-01,2025-01-01,ativo
2018,7911,2024-12-01,2025-01-01,ativo
2019,7919,2024-12-01,2025-01-01,ativo
2020,7924,2024-12-01,2025-01-01,ativo
2021,7925,2024-12-01,2025-01-01,ativo
2022,7926,2024-12-01,2025-01-01,ativo
2023,7931,2024-12-01,2025-01-01,ativo
2024,7932,2024-12-01,2025-01-01,ativo
2025,7934,2024-12-01,2025-01-01,ativo
2026,7940,2024-12-01,2025-01-01,ativo
2027,7944,2024-12-01,2025-01-01,ativo
2028,7954,2024-12-01,2025-01-01,ativo
2029,7958,2024-12-01,2025-01-01,ativo
2030,7963,2024-12-01,2025-01-01,ativo
2031,7971,2024-12-01,2025-01-01,ativo
2032,7975,2024-12-01,2025-01-01,ativo
2033,7978,2024-12-01,2025-01-01,ativo
2034,7986,2024-12-01,2025-01-01,ativo
2035,7989,2024-12-01,2025-01-01,ativo
2036,7995,2024-12-01,2025-01-01,ativo
2037,7996,2024-12-01,2025-01-01,ativo
2038,7997,2024-12-01,2025-01-01,ativo
2039,8000,2024-12-01,2025-01-01,ativo
2040,8007,2024-12-01,2025-01-01,ativo
2041,8008,2024-12-01,2025-01-01,ativo
2042,8010,2024-12-01,2025-01-01,ativo
2043,8014,2024-12-01,2025-01-01,ativo
2044,8017,2024-12-01,2025-01-01,ativo
2045,8027,2024-12-01,2025-01-01,ativo
2046,8028,2024-12-01,2025-01-01,ativo
2047,8030,2024-12-01,2025-01-01,ativo
2048,8039,2024-12-01,2025-01-01,ativo
2049,8042,2024-12-01,2025-01-01,ativo
2050,8044,2024-12-01,2025-01-01,ativo
2051,8047,2024-12-01,2025-01-01,ativo
2052,8048,2024-12-01,2025-01-01,ativo
2053,8053,2024-12-01,2025-01-01,ativo
2054,8054,2024-12-01,2025-01-01,ativo
2055,8058,2024-12-01,2025-01-01,ativo
2056,8059,2024-12-01,2025-01-01,ativo
2057,8060,2024-12-01,2025-01-01,ativo
2058,8063,2024-12-01,2025-01-01,ativo
2059,8064,2024-12-01,2025-01-01,ativo
2060,8067,2024-12-01,2025-01-01,ativo
2061,8068,2024-12-01,2025-01-01,ativo
2062,8074,2024-12-01,2025-01-01,ativo
2063,8088,2024-12-01,2025-01-01,ativo
2064,8089,2024-12-01,2025-01-01,ativo
2065,8091,2024-12-01,2025-01-01,ativo
2066,8101,2024-12-01,2025-01-01,ativo
2067,8105,2024-12-01,2025-01-01,ativo
2068,8111,2024-12-01,2025-01-01,ativo
2069,8115,2024-12-01,2025-01-01,ativo
2070,8121,2024-12-01,2025-01-01,ativo
2071,8124,2024-12-01,2025-01-01,ativo
2072,8129,2024-12-01,2025-01-01,ativo
2073,8132,2024-12-01,2025-01-01,ativo
2074,8138,2024-12-01,2025-01-01,ativo
2075,8140,2024-12-01,2025-01-01,ativo
2076,8141,2024-12-01,2025-01-01,ativo
2077,8144,2024-12-01,2025-01-01,ativo
2078,8146,2024-12-01,2025-01-01,ativo
2079,8149,2024-12-01,2025-01-01,ativo
2080,8151,2024-12-01,2025-01-01,ativo
2081,8162,2024-12-01,2025-01-01,ativo
2082,8167,2024-12-01,2025-01-01,ativo
2083,8170,2024-12-01,2025-01-01,ativo
2084,8179,2024-12-01,2025-01-01,ativo
2085,8181,2024-12-01,2025-01-01,ativo
2086,8184,2024-12-01,2025-01-01,ativo
2087,8185,2024-12-01,2025-01-01,ativo
2088,8187,2024-12-01,2025-01-01,ativo
2089,8196,2024-12-01,2025-01-01,ativo
2090,8198,2024-12-01,2025-01-01,ativo
2091,8199,2024-12-01,2025-01-01,ativo
2092,8208,2024-12-01,2025-01-01,ativo
2093,8209,2024-12-01,2025-01-01,ativo
2094,8210,2024-12-01,2025-01-01,ativo
2095,8216,2024-12-01,2025-01-01,ativo
2096,8217,2024-12-01,2025-01-01,ativo
2097,8222,2024-12-01,2025-01-01,ativo
2098,8227,2024-12-01,2025-01-01,ativo
2099,8230,2024-12-01,2025-01-01,ativo
2100,8236,2024-12-01,2025-01-01,ativo
2101,8242,2024-12-01,2025-01-01,ativo
2102,8252,2024-12-01,2025-01-01,ativo
2103,8255,2024-12-01,2025-01-01,ativo
2104,8257,2024-12-01,2025-01-01,ativo
2105,8258,2024-12-01,2025-01-01,ativo
2106,8259,2024-12-01,2025-01-01,ativo
2107,8278,2024-12-01,2025-01-01,ativo
2108,8279,2024-12-01,2025-01-01,ativo
2109,8286,2024-12-01,2025-01-01,ativo
2110,8287,2024-12-01,2025-01-01,ativo
2111,8288,2024-12-01,2025-01-01,ativo
2112,8292,2024-12-01,2025-01-01,ativo
2113,8294,2024-12-01,2025-01-01,ativo
2114,8298,2024-12-01,2025-01-01,ativo
2115,8300,2024-12-01,2025-01-01,ativo
2116,8301,2024-12-01,2025-01-01,ativo
2117,8302,2024-12-01,2025-01-01,ativo
2118,8304,2024-12-01,2025-01-01,ativo
2119,8311,2024-12-01,2025-01-01,ativo
2120,8314,2024-12-01,2025-01-01,ativo
2121,8315,2024-12-01,2025-01-01,ativo
2122,8317,2024-12-01,2025-01-01,ativo
2123,8319,2024-12-01,2025-01-01,ativo
2124,8327,2024-12-01,2025-01-01,ativo
2125,8329,2024-12-01,2025-01-01,ativo
2126,8332,2024-12-01,2025-01-01,ativo
2127,8337,2024-12-01,2025-01-01,ativo
2128,8342,2024-12-01,2025-01-01,ativo
2129,8343,2024-12-01,2025-01-01,ativo
2130,8350,2024-12-01,2025-01-01,ativo
2131,8353,2024-12-01,2025-01-01,ativo
2132,8359,2024-12-01,2025-01-01,ativo
2133,8363,2024-12-01,2025-01-01,ativo
2134,8366,2024-12-01,2025-01-01,ativo
2135,8368,2024-12-01,2025-01-01,ativo
2136,8371,2024-12-01,2025-01-01,ativo
2137,8379,2024-12-01,2025-01-01,ativo
2138,8385,2024-12-01,2025-01-01,ativo
2139,8388,2024-12-01,2025-01-01,ativo
2140,8400,2024-12-01,2025-01-01,ativo
2141,8402,2024-12-01,2025-01-01,ativo
2142,8405,2024-12-01,2025-01-01,ativo
2143,8408,2024-12-01,2025-01-01,ativo
2144,8413,2024-12-01,2025-01-01,ativo
2145,8415,2024-12-01,2025-01-01,ativo
2146,8417,2024-12-01,2025-01-01,ativo
2147,8420,2024-12-01,2025-01-01,ativo
2148,8421,2024-12-01,2025-01-01,ativo
2149,8431,2024-12-01,2025-01-01,ativo
2150,8432,2024-12-01,2025-01-01,ativo
2151,8433,2024-12-01,2025-01-01,ativo
2152,8436,2024-12-01,2025-01-01,ativo
2153,8439,2024-12-01,2025-01-01,ativo
2154,8441,2024-12-01,2025-01-01,ativo
2155,8450,2024-12-01,2025-01-01,ativo
2156,8454,2024-12-01,2025-01-01,ativo
2157,8460,2024-12-01,2025-01-01,ativo
2158,8465,2024-12-01,2025-01-01,ativo
2159,8471,2024-12-01,2025-01-01,ativo
2160,8475,2024-12-01,2025-01-01,ativo
2161,8485,2024-12-01,2025-01-01,ativo
2162,8493,2024-12-01,2025-01-01,ativo
2163,8497,2024-12-01,2025-01-01,ativo
2164,8498,2024-12-01,2025-01-01,ativo
2165,8500,2024-12-01,2025-01-01,ativo
2166,8503,2024-12-01,2025-01-01,ativo
2167,8506,2024-12-01,2025-01-01,ativo
2168,8510,2024-12-01,2025-01-01,ativo
2169,8511,2024-12-01,2025-01-01,ativo
2170,8514,2024-12-01,2025-01-01,ativo
2171,8519,2024-12-01,2025-01-01,ativo
2172,8522,2024-12-01,2025-01-01,ativo
2173,8523,2024-12-01,2025-01-01,ativo
2174,8531,2024-12-01,2025-01-01,ativo
2175,8533,2024-12-01,2025-01-01,ativo
2176,8539,2024-12-01,2025-01-01,ativo
2177,8541,2024-12-01,2025-01-01,ativo
2178,8543,2024-12-01,2025-01-01,ativo
2179,8553,2024-12-01,2025-01-01,ativo
2180,8555,2024-12-01,2025-01-01,ativo
2181,8559,2024-12-01,2025-01-01,ativo
2182,8561,2024-12-01,2025-01-01,ativo
2183,8562,2024-12-01,2025-01-01,ativo
2184,8565,2024-12-01,2025-01-01,ativo
2185,8566,2024-12-01,2025-01-01,ativo
2186,8574,2024-12-01,2025-01-01,ativo
2187,8577,2024-12-01,2025-01-01,ativo
2188,8578,2024-12-01,2025-01-01,ativo
2189,8587,2024-12-01,2025-01-01,ativo
2190,8596,2024-12-01,2025-01-01,ativo
2191,8601,2024-12-01,2025-01-01,ativo
2192,8604,2024-12-01,2025-01-01,ativo
2193,8605,2024-12-01,2025-01-01,ativo
2194,8615,2024-12-01,2025-01-01,ativo
2195,8618,2024-12-01,2025-01-01,ativo
2196,8623,2024-12-01,2025-01-01,ativo
2197,8625,2024-12-01,2025-01-01,ativo
2198,8627,2024-12-01,2025-01-01,ativo
2199,8629,2024-12-01,2025-01-01,ativo
2200,8630,2024-12-01,2025-01-01,ativo
2201,8632,2024-12-01,2025-01-01,ativo
2202,8645,2024-12-01,2025-01-01,ativo
2203,8649,2024-12-01,2025-01-01,ativo
2204,8651,2024-12-01,2025-01-01,ativo
2205,8653,2024-12-01,2025-01-01,ativo
2206,8659,2024-12-01,2025-01-01,ativo
2207,8662,2024-12-01,2025-01-01,ativo
2208,8667,2024-12-01,2025-01-01,ativo
2209,8668,2024-12-01,2025-01-01,ativo
2210,8672,2024-12-01,2025-01-01,ativo
2211,8677,2024-12-01,2025-01-01,ativo
2212,8681,2024-12-01,2025-01-01,ativo
2213,8682,2024-12-01,2025-01-01,ativo
2214,8684,2024-12-01,2025-01-01,ativo
2215,8687,2024-12-01,2025-01-01,ativo
2216,8691,2024-12-01,2025-01-01,ativo
2217,8692,2024-12-01,2025-01-01,ativo
2218,8697,2024-12-01,2025-01-01,ativo
2219,8701,2024-12-01,2025-01-01,ativo
2220,8702,2024-12-01,2025-01-01,ativo
2221,8709,2024-12-01,2025-01-01,ativo
2222,8718,2024-12-01,2025-01-01,ativo
2223,8720,2024-12-01,2025-01-01,ativo
2224,8722,2024-12-01,2025-01-01,ativo
2225,8730,2024-12-01,2025-01-01,ativo
2226,8732,2024-12-01,2025-01-01,ativo
2227,8733,2024-12-01,2025-01-01,ativo
2228,8734,2024-12-01,2025-01-01,ativo
2229,8737,2024-12-01,2025-01-01,ativo
2230,8756,2024-12-01,2025-01-01,ativo
2231,8763,2024-12-01,2025-01-01,ativo
2232,8771,2024-12-01,2025-01-01,ativo
2233,8781,2024-12-01,2025-01-01,ativo
2234,8789,2024-12-01,2025-01-01,ativo
2235,8791,2024-12-01,2025-01-01,ativo
2236,8794,2024-12-01,2025-01-01,ativo
2237,8796,2024-12-01,2025-01-01,ativo
2238,8799,2024-12-01,2025-01-01,ativo
2239,8801,2024-12-01,2025-01-01,ativo
2240,8814,2024-12-01,2025-01-01,ativo
2241,8819,2024-12-01,2025-01-01,ativo
2242,8820,2024-12-01,2025-01-01,ativo
2243,8823,2024-12-01,2025-01-01,ativo
2244,8827,2024-12-01,2025-01-01,ativo
2245,8831,2024-12-01,2025-01-01,ativo
2246,8833,2024-12-01,2025-01-01,ativo
2247,8840,2024-12-01,2025-01-01,ativo
2248,8841,2024-12-01,2025-01-01,ativo
2249,8842,2024-12-01,2025-01-01,ativo
2250,8843,2024-12-01,2025-01-01,ativo
2251,8864,2024-12-01,2025-01-01,ativo
2252,8871,2024-12-01,2025-01-01,ativo
2253,8872,2024-12-01,2025-01-01,ativo
2254,8873,2024-12-01,2025-01-01,ativo
2255,8874,2024-12-01,2025-01-01,ativo
2256,8875,2024-12-01,2025-01-01,ativo
2257,8877,2024-12-01,2025-01-01,ativo
2258,8884,2024-12-01,2025-01-01,ativo
2259,8890,2024-12-01,2025-01-01,ativo
2260,8891,2024-12-01,2025-01-01,ativo
2261,8894,2024-12-01,2025-01-01,ativo
2262,8897,2024-12-01,2025-01-01,ativo
2263,8900,2024-12-01,2025-01-01,ativo
2264,8901,2024-12-01,2025-01-01,ativo
2265,8904,2024-12-01,2025-01-01,ativo
2266,8908,2024-12-01,2025-01-01,ativo
2267,8909,2024-12-01,2025-01-01,ativo
2268,8910,2024-12-01,2025-01-01,ativo
2269,8911,2024-12-01,2025-01-01,ativo
2270,8912,2024-12-01,2025-01-01,ativo
2271,8914,2024-12-01,2025-01-01,ativo
2272,8924,2024-12-01,2025-01-01,ativo
2273,8925,2024-12-01,2025-01-01,ativo
2274,8929,2024-12-01,2025-01-01,ativo
2275,8930,2024-12-01,2025-01-01,ativo
2276,8932,2024-12-01,2025-01-01,ativo
2277,8935,2024-12-01,2025-01-01,ativo
2278,8938,2024-12-01,2025-01-01,ativo
2279,8941,2024-12-01,2025-01-01,ativo
2280,8946,2024-12-01,2025-01-01,ativo
2281,8948,2024-12-01,2025-01-01,ativo
2282,8950,2024-12-01,2025-01-01,ativo
2283,8953,2024-12-01,2025-01-01,ativo
2284,8954,2024-12-01,2025-01-01,ativo
2285,8968,2024-12-01,2025-01-01,ativo
2286,8974,2024-12-01,2025-01-01,ativo
2287,8975,2024-12-01,2025-01-01,ativo
2288,8980,2024-12-01,2025-01-01,ativo
2289,8982,2024-12-01,2025-01-01,ativo
2290,8988,2024-12-01,2025-01-01,ativo
2291,8989,2024-12-01,2025-01-01,ativo
2292,8993,2024-12-01,2025-01-01,ativo
2293,8995,2024-12-01,2025-01-01,ativo
2294,9009,2024-12-01,2025-01-01,ativo
2295,9010,2024-12-01,2025-01-01,ativo
2296,9025,2024-12-01,2025-01-01,ativo
2297,9032,2024-12-01,2025-01-01,ativo
2298,9034,2024-12-01,2025-01-01,ativo
2299,9038,2024-12-01,2025-01-01,ativo
2300,9045,2024-12-01,2025-01-01,ativo
2301,9053,2024-12-01,2025-01-01,ativo
2302,9055,2024-12-01,2025-01-01,ativo
2303,9061,2024-12-01,2025-01-01,ativo
2304,9068,2024-12-01,2025-01-01,ativo
2305,9079,2024-12-01,2025-01-01,ativo
2306,9080,2024-12-01,2025-01-01,ativo
2307,9082,2024-12-01,2025-01-01,ativo
2308,9084,2024-12-01,2025-01-01,ativo
2309,9091,2024-12-01,2025-01-01,ativo
2310,9096,2024-12-01,2025-01-01,ativo
2311,9098,2024-12-01,2025-01-01,ativo
2312,9099,2024-12-01,2025-01-01,ativo
2313,9102,2024-12-01,2025-01-01,ativo
2314,9106,2024-12-01,2025-01-01,ativo
2315,9107,2024-12-01,2025-01-01,ativo
2316,9114,2024-12-01,2025-01-01,ativo
2317,9115,2024-12-01,2025-01-01,ativo
2318,9118,2024-12-01,2025-01-01,ativo
2319,9126,2024-12-01,2025-01-01,ativo
2320,9127,2024-12-01,2025-01-01,ativo
2321,9128,2024-12-01,2025-01-01,ativo
2322,9135,2024-12-01,2025-01-01,ativo
2323,9136,2024-12-01,2025-01-01,ativo
2324,9149,2024-12-01,2025-01-01,ativo
2325,9151,2024-12-01,2025-01-01,ativo
2326,9152,2024-12-01,2025-01-01,ativo
2327,9154,2024-12-01,2025-01-01,ativo
2328,9156,2024-12-01,2025-01-01,ativo
2329,9162,2024-12-01,2025-01-01,ativo
2330,9169,2024-12-01,2025-01-01,ativo
2331,9170,2024-12-01,2025-01-01,ativo
2332,9171,2024-12-01,2025-01-01,ativo
2333,9181,2024-12-01,2025-01-01,ativo
2334,9183,2024-12-01,2025-01-01,ativo
2335,9187,2024-12-01,2025-01-01,ativo
2336,9189,2024-12-01,2025-01-01,ativo
2337,9191,2024-12-01,2025-01-01,ativo
2338,9192,2024-12-01,2025-01-01,ativo
2339,9196,2024-12-01,2025-01-01,ativo
2340,9198,2024-12-01,2025-01-01,ativo
2341,9199,2024-12-01,2025-01-01,ativo
2342,9203,2024-12-01,2025-01-01,ativo
2343,9204,2024-12-01,2025-01-01,ativo
2344,9205,2024-12-01,2025-01-01,ativo
2345,9206,2024-12-01,2025-01-01,ativo
2346,9209,2024-12-01,2025-01-01,ativo
2347,9212,2024-12-01,2025-01-01,ativo
2348,9216,2024-12-01,2025-01-01,ativo
2349,9223,2024-12-01,2025-01-01,ativo
2350,9225,2024-12-01,2025-01-01,ativo
2351,9230,2024-12-01,2025-01-01,ativo
2352,9240,2024-12-01,2025-01-01,ativo
2353,9243,2024-12-01,2025-01-01,ativo
2354,9245,2024-12-01,2025-01-01,ativo
2355,9248,2024-12-01,2025-01-01,ativo
2356,9252,2024-12-01,2025-01-01,ativo
2357,9255,2024-12-01,2025-01-01,ativo
2358,9264,2024-12-01,2025-01-01,ativo
2359,9265,2024-12-01,2025-01-01,ativo
2360,9266,2024-12-01,2025-01-01,ativo
2361,9269,2024-12-01,2025-01-01,ativo
2362,9285,2024-12-01,2025-01-01,ativo
2363,9286,2024-12-01,2025-01-01,ativo
2364,9292,2024-12-01,2025-01-01,ativo
2365,9309,2024-12-01,2025-01-01,ativo
2366,9311,2024-12-01,2025-01-01,ativo
2367,9312,2024-12-01,2025-01-01,ativo
2368,9315,2024-12-01,2025-01-01,ativo
2369,9316,2024-12-01,2025-01-01,ativo
2370,9320,2024-12-01,2025-01-01,ativo
2371,9323,2024-12-01,2025-01-01,ativo
2372,9330,2024-12-01,2025-01-01,ativo
2373,9331,2024-12-01,2025-01-01,ativo
2374,9333,2024-12-01,2025-01-01,ativo
2375,9335,2024-12-01,2025-01-01,ativo
2376,9338,2024-12-01,2025-01-01,ativo
2377,9342,2024-12-01,2025-01-01,ativo
2378,9344,2024-12-01,2025-01-01,ativo
2379,9357,2024-12-01,2025-01-01,ativo
2380,9364,2024-12-01,2025-01-01,ativo
2381,9367,2024-12-01,2025-01-01,ativo
2382,9370,2024-12-01,2025-01-01,ativo
2383,9371,2024-12-01,2025-01-01,ativo
2384,9377,2024-12-01,2025-01-01,ativo
2385,9379,2024-12-01,2025-01-01,ativo
2386,9380,2024-12-01,2025-01-01,ativo
2387,9389,2024-12-01,2025-01-01,ativo
2388,9398,2024-12-01,2025-01-01,ativo
2389,9402,2024-12-01,2025-01-01,ativo
2390,9408,2024-12-01,2025-01-01,ativo
2391,9411,2024-12-01,2025-01-01,ativo
2392,9416,2024-12-01,2025-01-01,ativo
2393,9419,2024-12-01,2025-01-01,ativo
2394,9423,2024-12-01,2025-01-01,ativo
2395,9426,2024-12-01,2025-01-01,ativo
2396,9427,2024-12-01,2025-01-01,ativo
2397,9433,2024-12-01,2025-01-01,ativo
2398,9435,2024-12-01,2025-01-01,ativo
2399,9437,2024-12-01,2025-01-01,ativo
2400,9438,2024-12-01,2025-01-01,ativo
2401,9441,2024-12-01,2025-01-01,ativo
2402,9448,2024-12-01,2025-01-01,ativo
2403,9449,2024-12-01,2025-01-01,ativo
2404,9451,2024-12-01,2025-01-01,ativo
2405,9455,2024-12-01,2025-01-01,ativo
2406,9458,2024-12-01,2025-01-01,ativo
2407,9461,2024-12-01,2025-01-01,ativo
2408,9467,2024-12-01,2025-01-01,ativo
2409,9469,2024-12-01,2025-01-01,ativo
2410,9470,2024-12-01,2025-01-01,ativo
2411,9475,2024-12-01,2025-01-01,ativo
2412,9482,2024-12-01,2025-01-01,ativo
2413,9483,2024-12-01,2025-01-01,ativo
2414,9485,2024-12-01,2025-01-01,ativo
2415,9489,2024-12-01,2025-01-01,ativo
2416,9490,2024-12-01,2025-01-01,ativo
2417,9493,2024-12-01,2025-01-01,ativo
2418,9495,2024-12-01,2025-01-01,ativo
2419,9496,2024-12-01,2025-01-01,ativo
2420,9498,2024-12-01,2025-01-01,ativo
2421,9499,2024-12-01,2025-01-01,ativo
2422,9503,2024-12-01,2025-01-01,ativo
2423,9516,2024-12-01,2025-01-01,ativo
2424,9519,2024-12-01,2025-01-01,ativo
2425,9522,2024-12-01,2025-01-01,ativo
2426,9524,2024-12-01,2025-01-01,ativo
2427,9541,2024-12-01,2025-01-01,ativo
2428,9555,2024-12-01,2025-01-01,ativo
2429,9558,2024-12-01,2025-01-01,ativo
2430,9564,2024-12-01,2025-01-01,ativo
2431,9565,2024-12-01,2025-01-01,ativo
2432,9570,2024-12-01,2025-01-01,ativo
2433,9574,2024-12-01,2025-01-01,ativo
2434,9588,2024-12-01,2025-01-01,ativo
2435,9593,2024-12-01,2025-01-01,ativo
2436,9596,2024-12-01,2025-01-01,ativo
2437,9597,2024-12-01,2025-01-01,ativo
2438,9600,2024-12-01,2025-01-01,ativo
2439,9602,2024-12-01,2025-01-01,ativo
2440,9606,2024-12-01,2025-01-01,ativo
2441,9611,2024-12-01,2025-01-01,ativo
2442,9614,2024-12-01,2025-01-01,ativo
2443,9618,2024-12-01,2025-01-01,ativo
2444,9625,2024-12-01,2025-01-01,ativo
2445,9628,2024-12-01,2025-01-01,ativo
2446,9630,2024-12-01,2025-01-01,ativo
2447,9637,2024-12-01,2025-01-01,ativo
2448,9639,2024-12-01,2025-01-01,ativo
2449,9640,2024-12-01,2025-01-01,ativo
2450,9645,2024-12-01,2025-01-01,ativo
2451,9647,2024-12-01,2025-01-01,ativo
2452,9651,2024-12-01,2025-01-01,ativo
2453,9654,2024-12-01,2025-01-01,ativo
2454,9659,2024-12-01,2025-01-01,ativo
2455,9660,2024-12-01,2025-01-01,ativo
2456,9665,2024-12-01,2025-01-01,ativo
2457,9669,2024-12-01,2025-01-01,ativo
2458,9670,2024-12-01,2025-01-01,ativo
2459,9673,2024-12-01,2025-01-01,ativo
2460,9674,2024-12-01,2025-01-01,ativo
2461,9677,2024-12-01,2025-01-01,ativo
2462,9679,2024-12-01,2025-01-01,ativo
2463,9680,2024-12-01,2025-01-01,ativo
2464,9681,2024-12-01,2025-01-01,ativo
2465,9686,2024-12-01,2025-01-01,ativo
2466,9693,2024-12-01,2025-01-01,ativo
2467,9694,2024-12-01,2025-01-01,ativo
2468,9697,2024-12-01,2025-01-01,ativo
2469,9698,2024-12-01,2025-01-01,ativo
2470,9701,2024-12-01,2025-01-01,ativo
2471,9712,2024-12-01,2025-01-01,ativo
2472,9713,2024-12-01,2025-01-01,ativo
2473,9717,2024-12-01,2025-01-01,ativo
2474,9718,2024-12-01,2025-01-01,ativo
2475,9719,2024-12-01,2025-01-01,ativo
2476,9721,2024-12-01,2025-01-01,ativo
2477,9728,2024-12-01,2025-01-01,ativo
2478,9729,2024-12-01,2025-01-01,ativo
2479,9730,2024-12-01,2025-01-01,ativo
2480,9731,2024-12-01,2025-01-01,ativo
2481,9740,2024-12-01,2025-01-01,ativo
2482,9741,2024-12-01,2025-01-01,ativo
2483,9744,2024-12-01,2025-01-01,ativo
2484,9746,2024-12-01,2025-01-01,ativo
2485,9753,2024-12-01,2025-01-01,ativo
2486,9760,2024-12-01,2025-01-01,ativo
2487,9764,2024-12-01,2025-01-01,ativo
2488,9766,2024-12-01,2025-01-01,ativo
2489,9774,2024-12-01,2025-01-01,ativo
2490,9777,2024-12-01,2025-01-01,ativo
2491,9795,2024-12-01,2025-01-01,ativo
2492,9799,2024-12-01,2025-01-01,ativo
2493,9800,2024-12-01,2025-01-01,ativo
2494,9801,2024-12-01,2025-01-01,ativo
2495,9802,2024-12-01,2025-01-01,ativo
2496,9803,2024-12-01,2025-01-01,ativo
2497,9807,2024-12-01,2025-01-01,ativo
2498,9810,2024-12-01,2025-01-01,ativo
2499,9816,2024-12-01,2025-01-01,ativo
2500,9826,2024-12-01,2025-01-01,ativo
2501,9827,2024-12-01,2025-01-01,ativo
2502,9829,2024-12-01,2025-01-01,ativo
2503,9835,2024-12-01,2025-01-01,ativo
2504,9837,2024-12-01,2025-01-01,ativo
2505,9838,2024-12-01,2025-01-01,ativo
2506,9851,2024-12-01,2025-01-01,ativo
2507,9862,2024-12-01,2025-01-01,ativo
2508,9864,2024-12-01,2025-01-01,ativo
2509,9870,2024-12-01,2025-01-01,ativo
2510,9872,2024-12-01,2025-01-01,ativo
2511,9874,2024-12-01,2025-01-01,ativo
2512,9881,2024-12-01,2025-01-01,ativo
2513,9883,2024-12-01,2025-01-01,ativo
2514,9890,2024-12-01,2025-01-01,ativo
2515,9891,2024-12-01,2025-01-01,ativo
2516,9896,2024-12-01,2025-01-01,ativo
2517,9898,2024-12-01,2025-01-01,ativo
2518,9906,2024-12-01,2025-01-01,ativo
2519,9908,2024-12-01,2025-01-01,ativo
2520,9909,2024-12-01,2025-01-01,ativo
2521,9921,2024-12-01,2025-01-01,ativo
2522,9928,2024-12-01,2025-01-01,ativo
2523,9929,2024-12-01,2025-01-01,ativo
2524,9932,2024-12-01,2025-01-01,ativo
2525,9952,2024-12-01,2025-01-01,ativo
2526,9953,2024-12-01,2025-01-01,ativo
2527,9954,2024-12-01,2025-01-01,ativo
2528,9956,2024-12-01,2025-01-01,ativo
2529,9957,2024-12-01,2025-01-01,ativo
2530,9958,2024-12-01,2025-01-01,ativo
2531,9966,2024-12-01,2025-01-01,ativo
2532,9968,2024-12-01,2025-01-01,ativo
2533,9976,2024-12-01,2025-01-01,ativo
2534,9979,2024-12-01,2025-01-01,ativo
2535,9991,2024-12-01,2025-01-01,ativo
2536,9996,2024-12-01,2025-01-01,ativo
